a	a	4
a	b	1
a	c	3
a	d	5
a	e	5
a	f	1
a	g	1
a	h	2
a	i	5
a	j	5
a	k	1
a	l	3
a	m	4
a	n	4
a	o	3
a	p	3
a	q	3
a	r	1
a	s	5
a	t	2
a	u	5
a	v	4
a	w	4
a	x	2
a	y	3
a	z	1
a	A	4
a	B	1
a	C	4
a	D	3
a	E	5
a	F	2
a	G	2
a	H	3
a	J	2
a	K	4
a	L	5
a	M	2
a	N	5
a	O	4
a	P	2
a	Q	2
a	R	5
a	S	5
a	T	3
a	U	5
a	V	1
a	W	2
a	X	4
a	Y	1
a	Z	1
b	a	3
b	b	5
b	c	5
b	d	4
b	e	5
b	f	3
b	g	4
b	h	4
b	i	3
b	j	3
b	k	2
b	l	3
b	m	3
b	n	3
b	o	5
b	p	3
b	q	3
b	r	4
b	s	1
b	t	1
b	u	1
b	v	3
b	w	3
b	x	4
b	y	3
b	z	1
b	A	3
b	B	3
b	C	3
b	D	5
b	E	2
b	F	3
b	G	3
b	H	4
b	J	2
b	K	3
b	L	1
b	M	3
b	N	3
b	O	4
b	P	2
b	Q	4
b	R	4
b	S	3
b	T	5
b	U	2
b	V	3
b	W	2
b	X	2
b	Y	3
b	Z	2
c	a	3
c	b	1
c	c	5
c	d	2
c	e	4
c	f	2
c	g	5
c	h	4
c	i	1
c	j	2
c	k	5
c	l	3
c	m	1
c	n	1
c	o	3
c	p	5
c	q	5
c	r	4
c	s	3
c	t	2
c	u	5
c	v	4
c	w	3
c	x	4
c	y	1
c	z	3
c	A	2
c	B	2
c	C	2
c	D	5
c	E	4
c	F	5
c	G	2
c	H	2
c	J	4
c	K	2
c	L	1
c	M	1
c	N	3
c	O	4
c	P	4
c	Q	5
c	R	1
c	S	1
c	T	1
c	U	5
c	V	2
c	W	4
c	X	1
c	Y	4
c	Z	5
d	a	1
d	b	1
d	c	3
d	d	5
d	e	4
d	f	4
d	g	5
d	h	5
d	i	5
d	j	4
d	k	5
d	l	3
d	m	1
d	n	3
d	o	3
d	p	5
d	q	2
d	r	1
d	s	1
d	t	5
d	u	2
d	v	3
d	w	5
d	x	5
d	y	4
d	z	1
d	A	1
d	B	1
d	C	4
d	D	4
d	E	4
d	F	3
d	G	2
d	H	4
d	J	4
d	K	5
d	L	3
d	M	2
d	N	3
d	O	1
d	P	1
d	Q	5
d	R	1
d	S	1
d	T	2
d	U	3
d	V	5
d	W	4
d	X	1
d	Y	3
d	Z	3
e	a	2
e	b	4
e	c	3
e	d	2
e	e	3
e	f	2
e	g	5
e	h	1
e	i	5
e	j	5
e	k	2
e	l	4
e	m	5
e	n	2
e	o	1
e	p	4
e	q	4
e	r	2
e	s	5
e	t	5
e	u	4
e	v	5
e	w	2
e	x	5
e	y	4
e	z	5
e	A	1
e	B	3
e	C	2
e	D	2
e	E	1
e	F	2
e	G	5
e	H	3
e	J	5
e	K	4
e	L	5
e	M	4
e	N	5
e	O	5
e	P	5
e	Q	2
e	R	1
e	S	1
e	T	4
e	U	4
e	V	1
e	W	2
e	X	3
e	Y	4
e	Z	1
f	a	5
f	b	5
f	c	1
f	d	2
f	e	2
f	f	3
f	g	2
f	h	5
f	i	5
f	j	4
f	k	5
f	l	4
f	m	3
f	n	2
f	o	4
f	p	3
f	q	2
f	r	3
f	s	3
f	t	5
f	u	2
f	v	1
f	w	2
f	x	3
f	y	4
f	z	2
f	A	2
f	B	5
f	C	2
f	D	5
f	E	3
f	F	5
f	G	5
f	H	2
f	J	2
f	K	2
f	L	4
f	M	4
f	N	1
f	O	1
f	P	1
f	Q	5
f	R	3
f	S	3
f	T	3
f	U	3
f	V	4
f	W	3
f	X	5
f	Y	2
f	Z	5
g	a	2
g	b	1
g	c	1
g	d	3
g	e	2
g	f	1
g	g	5
g	h	5
g	i	5
g	j	5
g	k	2
g	l	1
g	m	2
g	n	4
g	o	2
g	p	5
g	q	1
g	r	2
g	s	1
g	t	5
g	u	1
g	v	4
g	w	3
g	x	2
g	y	4
g	z	5
g	A	4
g	B	2
g	C	2
g	D	1
g	E	3
g	F	2
g	G	2
g	H	1
g	J	4
g	K	3
g	L	3
g	M	3
g	N	4
g	O	3
g	P	3
g	Q	5
g	R	1
g	S	5
g	T	2
g	U	5
g	V	3
g	W	3
g	X	2
g	Y	1
g	Z	4
h	a	1
h	b	5
h	c	2
h	d	1
h	e	3
h	f	1
h	g	5
h	h	5
h	i	4
h	j	4
h	k	4
h	l	2
h	m	2
h	n	2
h	o	1
h	p	5
h	q	3
h	r	3
h	s	4
h	t	5
h	u	4
h	v	1
h	w	2
h	x	5
h	y	4
h	z	3
h	A	5
h	B	2
h	C	3
h	D	3
h	E	3
h	F	5
h	G	4
h	H	4
h	J	2
h	K	5
h	L	1
h	M	1
h	N	4
h	O	2
h	P	3
h	Q	1
h	R	5
h	S	5
h	T	1
h	U	2
h	V	4
h	W	2
h	X	3
h	Y	3
h	Z	1
i	a	4
i	b	5
i	c	3
i	d	1
i	e	1
i	f	3
i	g	4
i	h	3
i	i	1
i	j	4
i	k	5
i	l	4
i	m	1
i	n	2
i	o	4
i	p	5
i	q	4
i	r	4
i	s	3
i	t	1
i	u	1
i	v	1
i	w	5
i	x	2
i	y	3
i	z	3
i	A	3
i	B	4
i	C	5
i	D	3
i	E	3
i	F	4
i	G	1
i	H	5
i	J	2
i	K	4
i	L	4
i	M	3
i	N	2
i	O	2
i	P	5
i	Q	3
i	R	3
i	S	5
i	T	2
i	U	1
i	V	1
i	W	1
i	X	1
i	Y	5
i	Z	5
j	a	1
j	b	3
j	c	3
j	d	3
j	e	2
j	f	2
j	g	4
j	h	5
j	i	3
j	j	4
j	k	3
j	l	2
j	m	5
j	n	5
j	o	1
j	p	2
j	q	1
j	r	4
j	s	3
j	t	5
j	u	1
j	v	2
j	w	3
j	x	3
j	y	5
j	z	1
j	A	2
j	B	3
j	C	3
j	D	1
j	E	1
j	F	4
j	G	4
j	H	3
j	J	3
j	K	1
j	L	5
j	M	1
j	N	4
j	O	3
j	P	3
j	Q	4
j	R	3
j	S	5
j	T	5
j	U	4
j	V	4
j	W	4
j	X	3
j	Y	1
j	Z	1
k	a	5
k	b	5
k	c	1
k	d	5
k	e	4
k	f	3
k	g	2
k	h	1
k	i	5
k	j	5
k	k	2
k	l	5
k	m	5
k	n	2
k	o	1
k	p	1
k	q	4
k	r	2
k	s	2
k	t	1
k	u	5
k	v	2
k	w	1
k	x	5
k	y	2
k	z	1
k	A	4
k	B	3
k	C	1
k	D	4
k	E	3
k	F	2
k	G	2
k	H	5
k	J	1
k	K	1
k	L	2
k	M	4
k	N	5
k	O	3
k	P	5
k	Q	2
k	R	4
k	S	1
k	T	3
k	U	5
k	V	5
k	W	2
k	X	2
k	Y	5
k	Z	2
l	a	1
l	b	4
l	c	2
l	d	5
l	e	4
l	f	1
l	g	1
l	h	4
l	i	3
l	j	2
l	k	3
l	l	5
l	m	1
l	n	2
l	o	2
l	p	4
l	q	1
l	r	3
l	s	5
l	t	2
l	u	4
l	v	4
l	w	5
l	x	2
l	y	4
l	z	1
l	A	3
l	B	4
l	C	3
l	D	3
l	E	2
l	F	5
l	G	5
l	H	2
l	J	3
l	K	3
l	L	5
l	M	5
l	N	3
l	O	5
l	P	4
l	Q	1
l	R	4
l	S	5
l	T	4
l	U	1
l	V	1
l	W	1
l	X	2
l	Y	2
l	Z	3
m	a	2
m	b	5
m	c	3
m	d	4
m	e	3
m	f	5
m	g	3
m	h	3
m	i	4
m	j	4
m	k	1
m	l	2
m	m	1
m	n	5
m	o	3
m	p	2
m	q	2
m	r	2
m	s	3
m	t	3
m	u	4
m	v	5
m	w	4
m	x	4
m	y	3
m	z	4
m	A	1
m	B	2
m	C	5
m	D	3
m	E	4
m	F	2
m	G	2
m	H	2
m	J	2
m	K	4
m	L	2
m	M	4
m	N	1
m	O	3
m	P	4
m	Q	5
m	R	2
m	S	3
m	T	5
m	U	2
m	V	1
m	W	2
m	X	3
m	Y	2
m	Z	1
n	a	1
n	b	5
n	c	1
n	d	3
n	e	1
n	f	3
n	g	1
n	h	5
n	i	3
n	j	2
n	k	3
n	l	2
n	m	3
n	n	1
n	o	5
n	p	4
n	q	5
n	r	5
n	s	5
n	t	4
n	u	2
n	v	3
n	w	1
n	x	3
n	y	5
n	z	5
n	A	4
n	B	3
n	C	5
n	D	2
n	E	2
n	F	4
n	G	1
n	H	4
n	J	3
n	K	4
n	L	3
n	M	4
n	N	4
n	O	5
n	P	4
n	Q	1
n	R	3
n	S	5
n	T	4
n	U	1
n	V	1
n	W	5
n	X	1
n	Y	5
n	Z	3
o	a	3
o	b	2
o	c	2
o	d	4
o	e	5
o	f	2
o	g	4
o	h	5
o	i	4
o	j	2
o	k	3
o	l	3
o	m	1
o	n	1
o	o	5
o	p	5
o	q	4
o	r	3
o	s	1
o	t	2
o	u	3
o	v	2
o	w	1
o	x	5
o	y	4
o	z	2
o	A	4
o	B	2
o	C	5
o	D	1
o	E	2
o	F	5
o	G	2
o	H	2
o	J	1
o	K	5
o	L	1
o	M	2
o	N	3
o	O	3
o	P	5
o	Q	2
o	R	1
o	S	3
o	T	2
o	U	1
o	V	1
o	W	1
o	X	4
o	Y	4
o	Z	2
p	a	3
p	b	1
p	c	4
p	d	5
p	e	4
p	f	2
p	g	2
p	h	2
p	i	3
p	j	5
p	k	2
p	l	1
p	m	2
p	n	2
p	o	4
p	p	4
p	q	1
p	r	5
p	s	3
p	t	4
p	u	4
p	v	4
p	w	3
p	x	2
p	y	3
p	z	4
p	A	1
p	B	4
p	C	2
p	D	5
p	E	1
p	F	3
p	G	1
p	H	4
p	J	2
p	K	1
p	L	5
p	M	4
p	N	5
p	O	2
p	P	1
p	Q	5
p	R	3
p	S	2
p	T	4
p	U	4
p	V	2
p	W	3
p	X	1
p	Y	1
p	Z	1
q	a	5
q	b	2
q	c	4
q	d	4
q	e	2
q	f	2
q	g	1
q	h	1
q	i	3
q	j	1
q	k	5
q	l	4
q	m	2
q	n	3
q	o	3
q	p	4
q	q	5
q	r	1
q	s	2
q	t	3
q	u	1
q	v	4
q	w	2
q	x	1
q	y	3
q	z	3
q	A	4
q	B	4
q	C	3
q	D	1
q	E	5
q	F	2
q	G	3
q	H	5
q	J	3
q	K	2
q	L	1
q	M	4
q	N	2
q	O	4
q	P	1
q	Q	1
q	R	1
q	S	5
q	T	1
q	U	4
q	V	4
q	W	4
q	X	2
q	Y	5
q	Z	3
r	a	3
r	b	3
r	c	5
r	d	1
r	e	3
r	f	3
r	g	2
r	h	5
r	i	3
r	j	4
r	k	4
r	l	2
r	m	3
r	n	1
r	o	4
r	p	5
r	q	3
r	r	5
r	s	2
r	t	4
r	u	1
r	v	5
r	w	3
r	x	5
r	y	5
r	z	5
r	A	2
r	B	2
r	C	5
r	D	3
r	E	2
r	F	5
r	G	3
r	H	4
r	J	1
r	K	3
r	L	1
r	M	3
r	N	1
r	O	4
r	P	4
r	Q	1
r	R	5
r	S	1
r	T	3
r	U	2
r	V	2
r	W	3
r	X	2
r	Y	3
r	Z	4
s	a	5
s	b	1
s	c	4
s	d	5
s	e	5
s	f	5
s	g	5
s	h	2
s	i	2
s	j	1
s	k	1
s	l	5
s	m	2
s	n	3
s	o	1
s	p	4
s	q	1
s	r	3
s	s	4
s	t	1
s	u	3
s	v	4
s	w	3
s	x	2
s	y	5
s	z	1
s	A	2
s	B	3
s	C	2
s	D	2
s	E	2
s	F	5
s	G	3
s	H	3
s	J	3
s	K	3
s	L	5
s	M	1
s	N	4
s	O	4
s	P	4
s	Q	1
s	R	2
s	S	5
s	T	1
s	U	4
s	V	4
s	W	1
s	X	2
s	Y	3
s	Z	3
t	a	2
t	b	3
t	c	4
t	d	4
t	e	4
t	f	2
t	g	4
t	h	1
t	i	4
t	j	4
t	k	3
t	l	1
t	m	5
t	n	5
t	o	1
t	p	3
t	q	4
t	r	1
t	s	4
t	t	5
t	u	2
t	v	1
t	w	2
t	x	5
t	y	1
t	z	1
t	A	4
t	B	1
t	C	1
t	D	2
t	E	5
t	F	4
t	G	2
t	H	2
t	J	1
t	K	1
t	L	2
t	M	3
t	N	1
t	O	4
t	P	2
t	Q	3
t	R	5
t	S	2
t	T	2
t	U	4
t	V	1
t	W	1
t	X	1
t	Y	3
t	Z	4
u	a	3
u	b	1
u	c	4
u	d	5
u	e	5
u	f	1
u	g	1
u	h	2
u	i	2
u	j	1
u	k	2
u	l	4
u	m	4
u	n	4
u	o	5
u	p	2
u	q	2
u	r	1
u	s	2
u	t	5
u	u	4
u	v	3
u	w	5
u	x	3
u	y	3
u	z	2
u	A	5
u	B	3
u	C	3
u	D	3
u	E	2
u	F	4
u	G	2
u	H	5
u	J	1
u	K	1
u	L	3
u	M	1
u	N	5
u	O	3
u	P	1
u	Q	4
u	R	3
u	S	4
u	T	3
u	U	5
u	V	3
u	W	3
u	X	3
u	Y	1
u	Z	4
v	a	1
v	b	3
v	c	5
v	d	4
v	e	5
v	f	1
v	g	3
v	h	5
v	i	4
v	j	4
v	k	1
v	l	1
v	m	5
v	n	4
v	o	3
v	p	4
v	q	1
v	r	4
v	s	4
v	t	2
v	u	5
v	v	1
v	w	3
v	x	3
v	y	3
v	z	5
v	A	4
v	B	1
v	C	5
v	D	2
v	E	5
v	F	5
v	G	4
v	H	2
v	J	1
v	K	3
v	L	1
v	M	1
v	N	5
v	O	1
v	P	5
v	Q	3
v	R	4
v	S	2
v	T	5
v	U	3
v	V	5
v	W	5
v	X	4
v	Y	4
v	Z	2
w	a	2
w	b	2
w	c	4
w	d	4
w	e	1
w	f	2
w	g	1
w	h	4
w	i	3
w	j	2
w	k	5
w	l	3
w	m	1
w	n	1
w	o	3
w	p	4
w	q	3
w	r	3
w	s	5
w	t	2
w	u	3
w	v	2
w	w	4
w	x	5
w	y	2
w	z	2
w	A	4
w	B	5
w	C	3
w	D	2
w	E	5
w	F	1
w	G	3
w	H	1
w	J	5
w	K	4
w	L	3
w	M	2
w	N	1
w	O	2
w	P	5
w	Q	3
w	R	5
w	S	2
w	T	3
w	U	2
w	V	5
w	W	1
w	X	4
w	Y	3
w	Z	4
x	a	2
x	b	3
x	c	1
x	d	3
x	e	1
x	f	4
x	g	5
x	h	4
x	i	4
x	j	2
x	k	5
x	l	4
x	m	3
x	n	5
x	o	2
x	p	1
x	q	5
x	r	5
x	s	2
x	t	3
x	u	5
x	v	2
x	w	4
x	x	4
x	y	5
x	z	1
x	A	4
x	B	5
x	C	4
x	D	1
x	E	4
x	F	5
x	G	2
x	H	1
x	J	1
x	K	5
x	L	5
x	M	5
x	N	3
x	O	1
x	P	3
x	Q	1
x	R	5
x	S	1
x	T	4
x	U	5
x	V	5
x	W	5
x	X	1
x	Y	4
x	Z	3
y	a	4
y	b	3
y	c	2
y	d	2
y	e	4
y	f	5
y	g	1
y	h	2
y	i	4
y	j	2
y	k	3
y	l	5
y	m	4
y	n	2
y	o	1
y	p	1
y	q	3
y	r	3
y	s	5
y	t	2
y	u	4
y	v	5
y	w	4
y	x	4
y	y	4
y	z	4
y	A	5
y	B	3
y	C	1
y	D	2
y	E	5
y	F	4
y	G	3
y	H	3
y	J	5
y	K	1
y	L	1
y	M	5
y	N	3
y	O	4
y	P	1
y	Q	4
y	R	1
y	S	4
y	T	3
y	U	4
y	V	5
y	W	1
y	X	1
y	Y	5
y	Z	4
z	a	2
z	b	4
z	c	1
z	d	3
z	e	4
z	f	3
z	g	1
z	h	2
z	i	2
z	j	4
z	k	4
z	l	1
z	m	5
z	n	4
z	o	2
z	p	5
z	q	4
z	r	1
z	s	5
z	t	1
z	u	1
z	v	5
z	w	3
z	x	2
z	y	3
z	z	2
z	A	4
z	B	5
z	C	1
z	D	3
z	E	4
z	F	3
z	G	1
z	H	1
z	J	2
z	K	3
z	L	3
z	M	5
z	N	5
z	O	4
z	P	3
z	Q	1
z	R	1
z	S	5
z	T	5
z	U	4
z	V	3
z	W	5
z	X	5
z	Y	2
z	Z	5
A	a	3
A	b	2
A	c	1
A	d	4
A	e	1
A	f	1
A	g	3
A	h	1
A	i	2
A	j	5
A	k	2
A	l	5
A	m	5
A	n	3
A	o	3
A	p	5
A	q	3
A	r	4
A	s	4
A	t	2
A	u	5
A	v	4
A	w	1
A	x	4
A	y	5
A	z	2
A	A	2
A	B	2
A	C	1
A	D	1
A	E	3
A	F	2
A	G	3
A	H	1
A	J	1
A	K	3
A	L	4
A	M	5
A	N	1
A	O	5
A	P	3
A	Q	4
A	R	3
A	S	2
A	T	4
A	U	5
A	V	1
A	W	5
A	X	5
A	Y	3
A	Z	4
B	a	1
B	b	3
B	c	1
B	d	1
B	e	1
B	f	3
B	g	2
B	h	1
B	i	3
B	j	1
B	k	3
B	l	3
B	m	1
B	n	2
B	o	5
B	p	3
B	q	4
B	r	3
B	s	4
B	t	2
B	u	1
B	v	1
B	w	5
B	x	2
B	y	4
B	z	4
B	A	2
B	B	1
B	C	2
B	D	3
B	E	5
B	F	3
B	G	3
B	H	3
B	J	4
B	K	2
B	L	2
B	M	4
B	N	2
B	O	3
B	P	4
B	Q	2
B	R	5
B	S	5
B	T	5
B	U	3
B	V	3
B	W	3
B	X	3
B	Y	1
B	Z	4
C	a	4
C	b	2
C	c	3
C	d	2
C	e	3
C	f	4
C	g	1
C	h	2
C	i	1
C	j	1
C	k	4
C	l	3
C	m	1
C	n	2
C	o	1
C	p	3
C	q	1
C	r	3
C	s	3
C	t	3
C	u	5
C	v	1
C	w	5
C	x	4
C	y	4
C	z	3
C	A	5
C	B	5
C	C	3
C	D	5
C	E	1
C	F	2
C	G	4
C	H	1
C	J	1
C	K	2
C	L	4
C	M	2
C	N	4
C	O	5
C	P	4
C	Q	2
C	R	5
C	S	1
C	T	4
C	U	1
C	V	1
C	W	2
C	X	4
C	Y	4
C	Z	5
D	a	1
D	b	2
D	c	3
D	d	3
D	e	4
D	f	2
D	g	4
D	h	2
D	i	2
D	j	4
D	k	5
D	l	1
D	m	4
D	n	3
D	o	5
D	p	4
D	q	2
D	r	2
D	s	4
D	t	5
D	u	1
D	v	3
D	w	3
D	x	4
D	y	4
D	z	1
D	A	5
D	B	1
D	C	1
D	D	5
D	E	3
D	F	3
D	G	2
D	H	3
D	J	1
D	K	3
D	L	4
D	M	2
D	N	1
D	O	3
D	P	1
D	Q	1
D	R	2
D	S	2
D	T	2
D	U	2
D	V	5
D	W	1
D	X	3
D	Y	1
D	Z	5
E	a	4
E	b	1
E	c	4
E	d	5
E	e	4
E	f	4
E	g	2
E	h	2
E	i	1
E	j	3
E	k	4
E	l	4
E	m	3
E	n	2
E	o	3
E	p	1
E	q	4
E	r	2
E	s	1
E	t	4
E	u	5
E	v	2
E	w	2
E	x	1
E	y	1
E	z	4
E	A	1
E	B	5
E	C	4
E	D	2
E	E	1
E	F	5
E	G	5
E	H	3
E	J	2
E	K	5
E	L	5
E	M	3
E	N	3
E	O	2
E	P	1
E	Q	5
E	R	2
E	S	4
E	T	3
E	U	1
E	V	2
E	W	3
E	X	2
E	Y	4
E	Z	1
F	a	4
F	b	3
F	c	5
F	d	2
F	e	5
F	f	3
F	g	3
F	h	2
F	i	5
F	j	3
F	k	2
F	l	2
F	m	1
F	n	4
F	o	3
F	p	2
F	q	2
F	r	1
F	s	1
F	t	1
F	u	1
F	v	5
F	w	2
F	x	5
F	y	5
F	z	4
F	A	5
F	B	3
F	C	2
F	D	1
F	E	5
F	F	2
F	G	4
F	H	4
F	J	1
F	K	4
F	L	2
F	M	4
F	N	4
F	O	2
F	P	3
F	Q	2
F	R	4
F	S	4
F	T	3
F	U	5
F	V	5
F	W	3
F	X	4
F	Y	2
F	Z	3
G	a	3
G	b	2
G	c	1
G	d	4
G	e	3
G	f	5
G	g	4
G	h	3
G	i	4
G	j	4
G	k	2
G	l	3
G	m	4
G	n	1
G	o	1
G	p	5
G	q	3
G	r	3
G	s	2
G	t	5
G	u	5
G	v	3
G	w	1
G	x	5
G	y	2
G	z	2
G	A	1
G	B	3
G	C	4
G	D	2
G	E	4
G	F	2
G	G	2
G	H	5
G	J	2
G	K	1
G	L	4
G	M	2
G	N	3
G	O	4
G	P	4
G	Q	1
G	R	3
G	S	4
G	T	4
G	U	4
G	V	3
G	W	4
G	X	3
G	Y	5
G	Z	3
H	a	4
H	b	1
H	c	5
H	d	1
H	e	5
H	f	4
H	g	2
H	h	2
H	i	1
H	j	1
H	k	3
H	l	2
H	m	1
H	n	1
H	o	2
H	p	1
H	q	2
H	r	3
H	s	4
H	t	5
H	u	2
H	v	2
H	w	4
H	x	4
H	y	4
H	z	3
H	A	3
H	B	2
H	C	1
H	D	3
H	E	2
H	F	4
H	G	5
H	H	3
H	J	4
H	K	3
H	L	4
H	M	1
H	N	3
H	O	4
H	P	4
H	Q	4
H	R	4
H	S	2
H	T	2
H	U	5
H	V	5
H	W	4
H	X	3
H	Y	5
H	Z	5
J	a	4
J	b	1
J	c	2
J	d	3
J	e	5
J	f	1
J	g	4
J	h	5
J	i	4
J	j	3
J	k	1
J	l	5
J	m	5
J	n	1
J	o	1
J	p	1
J	q	1
J	r	3
J	s	2
J	t	3
J	u	1
J	v	2
J	w	5
J	x	3
J	y	5
J	z	5
J	A	2
J	B	3
J	C	1
J	D	3
J	E	5
J	F	4
J	G	3
J	H	3
J	J	4
J	K	1
J	L	3
J	M	3
J	N	4
J	O	5
J	P	4
J	Q	4
J	R	3
J	S	3
J	T	4
J	U	4
J	V	1
J	W	4
J	X	4
J	Y	4
J	Z	1
K	a	4
K	b	5
K	c	2
K	d	2
K	e	2
K	f	3
K	g	1
K	h	4
K	i	2
K	j	2
K	k	1
K	l	3
K	m	1
K	n	4
K	o	3
K	p	2
K	q	5
K	r	3
K	s	5
K	t	2
K	u	4
K	v	2
K	w	1
K	x	2
K	y	5
K	z	3
K	A	4
K	B	4
K	C	4
K	D	2
K	E	5
K	F	5
K	G	4
K	H	5
K	J	2
K	K	2
K	L	1
K	M	3
K	N	4
K	O	1
K	P	1
K	Q	2
K	R	3
K	S	2
K	T	5
K	U	4
K	V	2
K	W	2
K	X	4
K	Y	2
K	Z	2
L	a	1
L	b	5
L	c	5
L	d	2
L	e	3
L	f	2
L	g	3
L	h	3
L	i	3
L	j	5
L	k	1
L	l	3
L	m	1
L	n	2
L	o	2
L	p	1
L	q	2
L	r	2
L	s	5
L	t	3
L	u	4
L	v	3
L	w	5
L	x	3
L	y	3
L	z	1
L	A	5
L	B	1
L	C	5
L	D	1
L	E	4
L	F	3
L	G	2
L	H	1
L	J	1
L	K	5
L	L	3
L	M	1
L	N	4
L	O	2
L	P	5
L	Q	1
L	R	3
L	S	2
L	T	3
L	U	4
L	V	4
L	W	2
L	X	4
L	Y	5
L	Z	5
M	a	5
M	b	5
M	c	4
M	d	4
M	e	2
M	f	2
M	g	2
M	h	3
M	i	2
M	j	4
M	k	4
M	l	2
M	m	3
M	n	4
M	o	3
M	p	1
M	q	5
M	r	3
M	s	2
M	t	1
M	u	2
M	v	1
M	w	3
M	x	1
M	y	2
M	z	4
M	A	2
M	B	2
M	C	2
M	D	4
M	E	2
M	F	4
M	G	3
M	H	2
M	J	3
M	K	1
M	L	4
M	M	1
M	N	4
M	O	3
M	P	4
M	Q	3
M	R	3
M	S	2
M	T	2
M	U	4
M	V	2
M	W	2
M	X	1
M	Y	2
M	Z	5
N	a	3
N	b	4
N	c	4
N	d	3
N	e	4
N	f	4
N	g	2
N	h	4
N	i	5
N	j	2
N	k	4
N	l	1
N	m	5
N	n	2
N	o	3
N	p	3
N	q	3
N	r	1
N	s	5
N	t	4
N	u	3
N	v	5
N	w	2
N	x	2
N	y	4
N	z	5
N	A	2
N	B	1
N	C	2
N	D	4
N	E	3
N	F	5
N	G	5
N	H	4
N	J	4
N	K	5
N	L	2
N	M	2
N	N	2
N	O	5
N	P	1
N	Q	2
N	R	4
N	S	2
N	T	1
N	U	4
N	V	3
N	W	1
N	X	2
N	Y	5
N	Z	3
O	a	1
O	b	2
O	c	4
O	d	5
O	e	1
O	f	2
O	g	1
O	h	5
O	i	2
O	j	4
O	k	5
O	l	1
O	m	2
O	n	2
O	o	3
O	p	1
O	q	3
O	r	5
O	s	4
O	t	2
O	u	2
O	v	2
O	w	3
O	x	5
O	y	4
O	z	5
O	A	5
O	B	4
O	C	3
O	D	1
O	E	2
O	F	1
O	G	1
O	H	1
O	J	3
O	K	5
O	L	2
O	M	4
O	N	3
O	O	3
O	P	2
O	Q	2
O	R	1
O	S	2
O	T	1
O	U	2
O	V	4
O	W	5
O	X	5
O	Y	2
O	Z	4
P	a	5
P	b	5
P	c	2
P	d	1
P	e	5
P	f	3
P	g	2
P	h	3
P	i	4
P	j	5
P	k	3
P	l	5
P	m	4
P	n	4
P	o	5
P	p	4
P	q	4
P	r	5
P	s	5
P	t	1
P	u	3
P	v	2
P	w	2
P	x	4
P	y	5
P	z	2
P	A	2
P	B	4
P	C	1
P	D	1
P	E	2
P	F	2
P	G	5
P	H	4
P	J	2
P	K	5
P	L	5
P	M	3
P	N	5
P	O	5
P	P	2
P	Q	1
P	R	2
P	S	5
P	T	4
P	U	3
P	V	1
P	W	3
P	X	3
P	Y	5
P	Z	1
Q	a	2
Q	b	1
Q	c	3
Q	d	3
Q	e	3
Q	f	4
Q	g	1
Q	h	3
Q	i	5
Q	j	4
Q	k	5
Q	l	5
Q	m	2
Q	n	3
Q	o	2
Q	p	4
Q	q	3
Q	r	1
Q	s	4
Q	t	1
Q	u	4
Q	v	5
Q	w	1
Q	x	1
Q	y	3
Q	z	4
Q	A	2
Q	B	3
Q	C	2
Q	D	4
Q	E	5
Q	F	2
Q	G	2
Q	H	4
Q	J	5
Q	K	4
Q	L	5
Q	M	1
Q	N	5
Q	O	2
Q	P	4
Q	Q	3
Q	R	2
Q	S	1
Q	T	2
Q	U	2
Q	V	2
Q	W	4
Q	X	2
Q	Y	1
Q	Z	4
R	a	2
R	b	3
R	c	1
R	d	5
R	e	1
R	f	3
R	g	1
R	h	2
R	i	5
R	j	4
R	k	1
R	l	3
R	m	4
R	n	1
R	o	2
R	p	4
R	q	2
R	r	3
R	s	3
R	t	4
R	u	1
R	v	5
R	w	5
R	x	1
R	y	3
R	z	4
R	A	1
R	B	4
R	C	3
R	D	2
R	E	1
R	F	1
R	G	3
R	H	4
R	J	3
R	K	5
R	L	5
R	M	3
R	N	4
R	O	5
R	P	3
R	Q	4
R	R	2
R	S	5
R	T	5
R	U	3
R	V	5
R	W	3
R	X	1
R	Y	4
R	Z	1
S	a	1
S	b	3
S	c	1
S	d	1
S	e	1
S	f	4
S	g	3
S	h	1
S	i	5
S	j	1
S	k	1
S	l	4
S	m	3
S	n	4
S	o	4
S	p	3
S	q	3
S	r	2
S	s	4
S	t	4
S	u	4
S	v	1
S	w	4
S	x	1
S	y	4
S	z	5
S	A	1
S	B	4
S	C	4
S	D	1
S	E	4
S	F	3
S	G	2
S	H	2
S	J	1
S	K	2
S	L	2
S	M	1
S	N	5
S	O	4
S	P	4
S	Q	4
S	R	4
S	S	5
S	T	2
S	U	4
S	V	3
S	W	1
S	X	1
S	Y	5
S	Z	2
T	a	1
T	b	4
T	c	4
T	d	2
T	e	5
T	f	3
T	g	3
T	h	5
T	i	2
T	j	2
T	k	5
T	l	4
T	m	1
T	n	3
T	o	5
T	p	3
T	q	5
T	r	1
T	s	2
T	t	1
T	u	3
T	v	3
T	w	2
T	x	5
T	y	1
T	z	1
T	A	3
T	B	4
T	C	2
T	D	5
T	E	3
T	F	4
T	G	5
T	H	2
T	J	5
T	K	4
T	L	5
T	M	1
T	N	3
T	O	5
T	P	2
T	Q	5
T	R	2
T	S	2
T	T	5
T	U	1
T	V	1
T	W	2
T	X	1
T	Y	1
T	Z	5
U	a	3
U	b	2
U	c	5
U	d	2
U	e	1
U	f	4
U	g	2
U	h	1
U	i	2
U	j	4
U	k	3
U	l	3
U	m	2
U	n	1
U	o	4
U	p	4
U	q	1
U	r	1
U	s	4
U	t	4
U	u	5
U	v	1
U	w	5
U	x	5
U	y	5
U	z	3
U	A	4
U	B	3
U	C	3
U	D	2
U	E	2
U	F	4
U	G	3
U	H	3
U	J	1
U	K	3
U	L	2
U	M	2
U	N	5
U	O	2
U	P	5
U	Q	5
U	R	5
U	S	1
U	T	5
U	U	5
U	V	4
U	W	4
U	X	1
U	Y	5
U	Z	3
V	a	1
V	b	1
V	c	3
V	d	3
V	e	1
V	f	1
V	g	1
V	h	1
V	i	1
V	j	4
V	k	2
V	l	2
V	m	1
V	n	2
V	o	1
V	p	4
V	q	3
V	r	4
V	s	5
V	t	3
V	u	5
V	v	4
V	w	4
V	x	1
V	y	4
V	z	1
V	A	1
V	B	4
V	C	5
V	D	1
V	E	4
V	F	4
V	G	5
V	H	5
V	J	4
V	K	4
V	L	3
V	M	2
V	N	5
V	O	1
V	P	5
V	Q	2
V	R	5
V	S	5
V	T	4
V	U	5
V	V	2
V	W	2
V	X	4
V	Y	5
V	Z	2
W	a	4
W	b	5
W	c	2
W	d	2
W	e	4
W	f	5
W	g	5
W	h	4
W	i	5
W	j	1
W	k	3
W	l	1
W	m	5
W	n	2
W	o	2
W	p	3
W	q	4
W	r	2
W	s	2
W	t	2
W	u	4
W	v	3
W	w	3
W	x	2
W	y	4
W	z	2
W	A	5
W	B	2
W	C	3
W	D	3
W	E	5
W	F	5
W	G	4
W	H	5
W	J	5
W	K	4
W	L	2
W	M	4
W	N	2
W	O	4
W	P	5
W	Q	5
W	R	4
W	S	5
W	T	1
W	U	5
W	V	5
W	W	3
W	X	5
W	Y	2
W	Z	2
X	a	1
X	b	5
X	c	4
X	d	2
X	e	4
X	f	1
X	g	2
X	h	3
X	i	2
X	j	5
X	k	5
X	l	4
X	m	2
X	n	2
X	o	2
X	p	3
X	q	4
X	r	3
X	s	1
X	t	2
X	u	2
X	v	5
X	w	5
X	x	3
X	y	2
X	z	1
X	A	4
X	B	3
X	C	3
X	D	3
X	E	5
X	F	2
X	G	5
X	H	2
X	J	4
X	K	1
X	L	3
X	M	1
X	N	4
X	O	3
X	P	2
X	Q	3
X	R	5
X	S	4
X	T	1
X	U	3
X	V	1
X	W	5
X	X	1
X	Y	4
X	Z	3
Y	a	1
Y	b	5
Y	c	1
Y	d	1
Y	e	4
Y	f	5
Y	g	5
Y	h	3
Y	i	1
Y	j	2
Y	k	3
Y	l	3
Y	m	4
Y	n	3
Y	o	5
Y	p	5
Y	q	5
Y	r	5
Y	s	1
Y	t	3
Y	u	5
Y	v	1
Y	w	4
Y	x	3
Y	y	4
Y	z	4
Y	A	5
Y	B	1
Y	C	3
Y	D	2
Y	E	4
Y	F	5
Y	G	3
Y	H	2
Y	J	4
Y	K	1
Y	L	3
Y	M	2
Y	N	1
Y	O	2
Y	P	3
Y	Q	1
Y	R	5
Y	S	1
Y	T	3
Y	U	1
Y	V	1
Y	W	5
Y	X	5
Y	Y	1
Y	Z	5
Z	a	5
Z	b	4
Z	c	4
Z	d	3
Z	e	3
Z	f	2
Z	g	3
Z	h	5
Z	i	1
Z	j	2
Z	k	2
Z	l	3
Z	m	2
Z	n	5
Z	o	4
Z	p	4
Z	q	1
Z	r	2
Z	s	3
Z	t	5
Z	u	2
Z	v	1
Z	w	2
Z	x	3
Z	y	3
Z	z	5
Z	A	3
Z	B	5
Z	C	3
Z	D	5
Z	E	3
Z	F	1
Z	G	5
Z	H	4
Z	J	2
Z	K	5
Z	L	3
Z	M	4
Z	N	4
Z	O	5
Z	P	3
Z	Q	5
Z	R	1
Z	S	4
Z	T	3
Z	U	1
Z	V	1
Z	W	2
Z	X	5
Z	Y	4
Z	Z	3
