A	A	3
A	C	3
A	I	2
A	E	5
A	M	4
A	N	2
A	O	3
A	Q	5
A	S	4
A	T	4
A	U	4
A	V	4
A	Y	2
A	Z	1
A	a	2
A	b	2
A	d	5
A	i	3
A	e	2
A	f	2
A	g	2
A	h	2
A	j	3
A	k	1
A	l	5
A	m	2
A	n	2
A	o	2
A	p	1
A	r	1
A	s	5
A	t	5
A	u	1
A	v	2
A	x	3
A	y	3
A	z	1
A	1	3
A	2	1
A	3	2
A	6	5
A	7	1
A	8	3
A	9	2
A	O6	3
A	66	3
A	96	1
A	2:	1
A	@	5
A	{	4
A	}	2
A	&	4
A	?	1
A	a:	1
A	E:	3
A	e:	5
A	i:	1
A	o:	4
A	u:	4
A	y:	4
A	a~	5
A	aI	1
A	aU	5
A	dZ	4
A	OY	4
A	tS	2
A	ts	4
A	a6	5
A	E6	5
A	i6	2
A	I6	1
A	U6	1
A	u6	3
A	o6	5
A	Y6	1
A	y6	5
A	@6	5
A	a:6	3
A	E:6	2
A	e:6	2
A	i:6	3
A	o:6	1
A	u:6	1
A	y:6	1
A	2:6	5
C	A	3
C	C	3
C	I	2
C	E	1
C	M	5
C	N	3
C	O	2
C	Q	3
C	S	1
C	T	3
C	U	2
C	V	2
C	Y	2
C	Z	1
C	a	1
C	b	3
C	d	5
C	i	4
C	e	1
C	f	5
C	g	4
C	h	1
C	j	2
C	k	4
C	l	2
C	m	1
C	n	5
C	o	2
C	p	5
C	r	2
C	s	2
C	t	3
C	u	4
C	v	3
C	x	5
C	y	3
C	z	3
C	1	2
C	2	4
C	3	1
C	6	4
C	7	5
C	8	4
C	9	2
C	O6	4
C	66	5
C	96	5
C	2:	5
C	@	4
C	{	3
C	}	5
C	&	5
C	?	1
C	a:	1
C	E:	1
C	e:	5
C	i:	5
C	o:	5
C	u:	5
C	y:	4
C	a~	1
C	aI	1
C	aU	3
C	dZ	4
C	OY	1
C	tS	2
C	ts	2
C	a6	3
C	E6	5
C	i6	4
C	I6	4
C	U6	2
C	u6	1
C	o6	1
C	Y6	1
C	y6	4
C	@6	3
C	a:6	3
C	E:6	2
C	e:6	5
C	i:6	3
C	o:6	5
C	u:6	1
C	y:6	5
C	2:6	4
I	A	4
I	C	2
I	I	5
I	E	4
I	M	4
I	N	2
I	O	3
I	Q	3
I	S	5
I	T	3
I	U	1
I	V	2
I	Y	4
I	Z	2
I	a	4
I	b	2
I	d	3
I	i	1
I	e	5
I	f	5
I	g	3
I	h	3
I	j	2
I	k	3
I	l	4
I	m	2
I	n	5
I	o	2
I	p	1
I	r	3
I	s	1
I	t	3
I	u	5
I	v	2
I	x	4
I	y	5
I	z	3
I	1	5
I	2	3
I	3	3
I	6	5
I	7	2
I	8	1
I	9	2
I	O6	1
I	66	3
I	96	5
I	2:	2
I	@	4
I	{	3
I	}	2
I	&	3
I	?	2
I	a:	3
I	E:	5
I	e:	1
I	i:	2
I	o:	2
I	u:	4
I	y:	2
I	a~	5
I	aI	5
I	aU	2
I	dZ	1
I	OY	2
I	tS	3
I	ts	3
I	a6	5
I	E6	5
I	i6	4
I	I6	2
I	U6	1
I	u6	2
I	o6	4
I	Y6	3
I	y6	5
I	@6	4
I	a:6	2
I	E:6	1
I	e:6	2
I	i:6	5
I	o:6	4
I	u:6	2
I	y:6	3
I	2:6	5
E	A	2
E	C	5
E	I	4
E	E	4
E	M	3
E	N	2
E	O	3
E	Q	5
E	S	5
E	T	5
E	U	2
E	V	4
E	Y	3
E	Z	4
E	a	1
E	b	4
E	d	2
E	i	2
E	e	1
E	f	4
E	g	2
E	h	2
E	j	3
E	k	1
E	l	4
E	m	3
E	n	5
E	o	3
E	p	1
E	r	2
E	s	1
E	t	5
E	u	2
E	v	5
E	x	1
E	y	3
E	z	1
E	1	5
E	2	1
E	3	4
E	6	2
E	7	4
E	8	4
E	9	5
E	O6	3
E	66	3
E	96	1
E	2:	5
E	@	1
E	{	5
E	}	5
E	&	5
E	?	2
E	a:	3
E	E:	5
E	e:	1
E	i:	1
E	o:	1
E	u:	2
E	y:	5
E	a~	3
E	aI	5
E	aU	5
E	dZ	3
E	OY	3
E	tS	1
E	ts	4
E	a6	1
E	E6	1
E	i6	1
E	I6	3
E	U6	3
E	u6	3
E	o6	5
E	Y6	3
E	y6	4
E	@6	5
E	a:6	3
E	E:6	4
E	e:6	5
E	i:6	2
E	o:6	2
E	u:6	1
E	y:6	4
E	2:6	2
M	A	5
M	C	2
M	I	4
M	E	5
M	M	1
M	N	2
M	O	5
M	Q	3
M	S	3
M	T	1
M	U	3
M	V	1
M	Y	5
M	Z	5
M	a	1
M	b	3
M	d	3
M	i	4
M	e	3
M	f	2
M	g	1
M	h	5
M	j	1
M	k	3
M	l	5
M	m	1
M	n	4
M	o	3
M	p	3
M	r	1
M	s	5
M	t	3
M	u	5
M	v	5
M	x	2
M	y	3
M	z	1
M	1	5
M	2	1
M	3	5
M	6	3
M	7	2
M	8	3
M	9	1
M	O6	4
M	66	3
M	96	4
M	2:	5
M	@	1
M	{	3
M	}	1
M	&	1
M	?	5
M	a:	5
M	E:	4
M	e:	5
M	i:	4
M	o:	5
M	u:	2
M	y:	2
M	a~	3
M	aI	4
M	aU	2
M	dZ	5
M	OY	3
M	tS	5
M	ts	5
M	a6	2
M	E6	2
M	i6	4
M	I6	3
M	U6	5
M	u6	2
M	o6	2
M	Y6	2
M	y6	5
M	@6	3
M	a:6	1
M	E:6	5
M	e:6	3
M	i:6	1
M	o:6	2
M	u:6	1
M	y:6	4
M	2:6	3
N	A	2
N	C	4
N	I	4
N	E	5
N	M	5
N	N	2
N	O	5
N	Q	2
N	S	1
N	T	1
N	U	3
N	V	2
N	Y	1
N	Z	2
N	a	1
N	b	4
N	d	3
N	i	1
N	e	3
N	f	4
N	g	2
N	h	3
N	j	4
N	k	2
N	l	4
N	m	4
N	n	4
N	o	1
N	p	5
N	r	3
N	s	4
N	t	4
N	u	3
N	v	5
N	x	2
N	y	5
N	z	2
N	1	2
N	2	1
N	3	2
N	6	4
N	7	2
N	8	5
N	9	3
N	O6	3
N	66	1
N	96	3
N	2:	5
N	@	4
N	{	2
N	}	3
N	&	5
N	?	5
N	a:	2
N	E:	1
N	e:	1
N	i:	4
N	o:	3
N	u:	5
N	y:	5
N	a~	2
N	aI	1
N	aU	5
N	dZ	4
N	OY	4
N	tS	1
N	ts	5
N	a6	5
N	E6	5
N	i6	1
N	I6	3
N	U6	1
N	u6	5
N	o6	1
N	Y6	3
N	y6	1
N	@6	5
N	a:6	1
N	E:6	4
N	e:6	1
N	i:6	3
N	o:6	4
N	u:6	4
N	y:6	5
N	2:6	1
O	A	1
O	C	3
O	I	4
O	E	4
O	M	1
O	N	2
O	O	1
O	Q	5
O	S	1
O	T	1
O	U	2
O	V	4
O	Y	1
O	Z	4
O	a	3
O	b	1
O	d	5
O	i	3
O	e	1
O	f	1
O	g	4
O	h	3
O	j	4
O	k	5
O	l	3
O	m	1
O	n	2
O	o	2
O	p	4
O	r	4
O	s	2
O	t	4
O	u	2
O	v	1
O	x	4
O	y	3
O	z	4
O	1	2
O	2	1
O	3	5
O	6	5
O	7	2
O	8	5
O	9	1
O	O6	4
O	66	3
O	96	4
O	2:	2
O	@	2
O	{	5
O	}	2
O	&	1
O	?	5
O	a:	3
O	E:	3
O	e:	5
O	i:	5
O	o:	1
O	u:	4
O	y:	4
O	a~	5
O	aI	5
O	aU	2
O	dZ	5
O	OY	1
O	tS	4
O	ts	1
O	a6	4
O	E6	5
O	i6	5
O	I6	4
O	U6	1
O	u6	3
O	o6	2
O	Y6	5
O	y6	3
O	@6	5
O	a:6	5
O	E:6	5
O	e:6	1
O	i:6	3
O	o:6	3
O	u:6	2
O	y:6	5
O	2:6	3
Q	A	1
Q	C	4
Q	I	5
Q	E	2
Q	M	4
Q	N	5
Q	O	1
Q	Q	4
Q	S	1
Q	T	2
Q	U	1
Q	V	3
Q	Y	4
Q	Z	1
Q	a	5
Q	b	3
Q	d	4
Q	i	1
Q	e	5
Q	f	2
Q	g	2
Q	h	2
Q	j	3
Q	k	3
Q	l	5
Q	m	2
Q	n	4
Q	o	3
Q	p	4
Q	r	5
Q	s	3
Q	t	2
Q	u	3
Q	v	2
Q	x	5
Q	y	1
Q	z	2
Q	1	2
Q	2	2
Q	3	4
Q	6	1
Q	7	1
Q	8	4
Q	9	5
Q	O6	4
Q	66	4
Q	96	1
Q	2:	2
Q	@	3
Q	{	4
Q	}	2
Q	&	2
Q	?	3
Q	a:	5
Q	E:	5
Q	e:	5
Q	i:	5
Q	o:	5
Q	u:	2
Q	y:	4
Q	a~	4
Q	aI	1
Q	aU	1
Q	dZ	1
Q	OY	4
Q	tS	3
Q	ts	5
Q	a6	4
Q	E6	2
Q	i6	5
Q	I6	4
Q	U6	1
Q	u6	1
Q	o6	5
Q	Y6	4
Q	y6	5
Q	@6	3
Q	a:6	3
Q	E:6	1
Q	e:6	1
Q	i:6	5
Q	o:6	3
Q	u:6	5
Q	y:6	3
Q	2:6	1
S	A	5
S	C	2
S	I	2
S	E	4
S	M	3
S	N	3
S	O	2
S	Q	3
S	S	2
S	T	4
S	U	5
S	V	4
S	Y	3
S	Z	5
S	a	1
S	b	1
S	d	2
S	i	4
S	e	1
S	f	4
S	g	4
S	h	3
S	j	4
S	k	4
S	l	2
S	m	3
S	n	1
S	o	4
S	p	4
S	r	1
S	s	1
S	t	2
S	u	4
S	v	4
S	x	4
S	y	3
S	z	2
S	1	4
S	2	5
S	3	4
S	6	5
S	7	5
S	8	1
S	9	4
S	O6	3
S	66	2
S	96	4
S	2:	1
S	@	4
S	{	1
S	}	1
S	&	5
S	?	1
S	a:	4
S	E:	4
S	e:	5
S	i:	2
S	o:	2
S	u:	1
S	y:	3
S	a~	1
S	aI	5
S	aU	1
S	dZ	1
S	OY	1
S	tS	4
S	ts	5
S	a6	3
S	E6	1
S	i6	5
S	I6	2
S	U6	5
S	u6	3
S	o6	2
S	Y6	5
S	y6	4
S	@6	4
S	a:6	3
S	E:6	5
S	e:6	4
S	i:6	1
S	o:6	3
S	u:6	5
S	y:6	4
S	2:6	4
T	A	1
T	C	4
T	I	3
T	E	1
T	M	3
T	N	3
T	O	5
T	Q	2
T	S	1
T	T	2
T	U	3
T	V	5
T	Y	5
T	Z	5
T	a	1
T	b	1
T	d	5
T	i	1
T	e	5
T	f	4
T	g	5
T	h	2
T	j	4
T	k	3
T	l	1
T	m	4
T	n	1
T	o	3
T	p	1
T	r	5
T	s	3
T	t	5
T	u	1
T	v	1
T	x	3
T	y	5
T	z	2
T	1	5
T	2	4
T	3	2
T	6	4
T	7	4
T	8	5
T	9	1
T	O6	2
T	66	2
T	96	1
T	2:	5
T	@	1
T	{	5
T	}	4
T	&	4
T	?	1
T	a:	1
T	E:	1
T	e:	5
T	i:	2
T	o:	5
T	u:	5
T	y:	4
T	a~	3
T	aI	1
T	aU	4
T	dZ	3
T	OY	1
T	tS	2
T	ts	1
T	a6	1
T	E6	5
T	i6	1
T	I6	1
T	U6	5
T	u6	2
T	o6	5
T	Y6	3
T	y6	5
T	@6	4
T	a:6	5
T	E:6	5
T	e:6	1
T	i:6	4
T	o:6	5
T	u:6	3
T	y:6	3
T	2:6	3
U	A	4
U	C	3
U	I	1
U	E	3
U	M	2
U	N	1
U	O	4
U	Q	4
U	S	2
U	T	4
U	U	4
U	V	3
U	Y	4
U	Z	5
U	a	4
U	b	4
U	d	4
U	i	1
U	e	5
U	f	4
U	g	4
U	h	2
U	j	5
U	k	4
U	l	4
U	m	4
U	n	5
U	o	3
U	p	1
U	r	4
U	s	4
U	t	5
U	u	5
U	v	5
U	x	1
U	y	2
U	z	3
U	1	5
U	2	3
U	3	2
U	6	2
U	7	3
U	8	1
U	9	3
U	O6	5
U	66	2
U	96	4
U	2:	5
U	@	5
U	{	3
U	}	4
U	&	2
U	?	3
U	a:	3
U	E:	4
U	e:	3
U	i:	4
U	o:	5
U	u:	2
U	y:	4
U	a~	1
U	aI	3
U	aU	3
U	dZ	3
U	OY	2
U	tS	1
U	ts	1
U	a6	5
U	E6	3
U	i6	1
U	I6	5
U	U6	3
U	u6	2
U	o6	3
U	Y6	5
U	y6	2
U	@6	4
U	a:6	3
U	E:6	4
U	e:6	3
U	i:6	2
U	o:6	5
U	u:6	3
U	y:6	3
U	2:6	4
V	A	5
V	C	1
V	I	2
V	E	3
V	M	1
V	N	4
V	O	1
V	Q	5
V	S	3
V	T	3
V	U	3
V	V	2
V	Y	5
V	Z	2
V	a	2
V	b	4
V	d	3
V	i	1
V	e	4
V	f	2
V	g	3
V	h	2
V	j	3
V	k	4
V	l	3
V	m	1
V	n	1
V	o	5
V	p	5
V	r	3
V	s	2
V	t	5
V	u	5
V	v	5
V	x	2
V	y	1
V	z	2
V	1	2
V	2	1
V	3	1
V	6	4
V	7	4
V	8	2
V	9	1
V	O6	2
V	66	4
V	96	1
V	2:	1
V	@	4
V	{	3
V	}	1
V	&	1
V	?	3
V	a:	5
V	E:	3
V	e:	5
V	i:	2
V	o:	3
V	u:	3
V	y:	1
V	a~	1
V	aI	3
V	aU	4
V	dZ	4
V	OY	3
V	tS	1
V	ts	1
V	a6	5
V	E6	4
V	i6	1
V	I6	1
V	U6	5
V	u6	3
V	o6	2
V	Y6	5
V	y6	3
V	@6	3
V	a:6	1
V	E:6	4
V	e:6	4
V	i:6	5
V	o:6	1
V	u:6	5
V	y:6	5
V	2:6	5
Y	A	5
Y	C	5
Y	I	4
Y	E	4
Y	M	3
Y	N	1
Y	O	4
Y	Q	1
Y	S	5
Y	T	2
Y	U	4
Y	V	2
Y	Y	2
Y	Z	1
Y	a	2
Y	b	1
Y	d	1
Y	i	5
Y	e	1
Y	f	4
Y	g	4
Y	h	3
Y	j	2
Y	k	2
Y	l	4
Y	m	5
Y	n	4
Y	o	3
Y	p	2
Y	r	1
Y	s	5
Y	t	2
Y	u	2
Y	v	3
Y	x	4
Y	y	2
Y	z	3
Y	1	1
Y	2	5
Y	3	3
Y	6	2
Y	7	1
Y	8	1
Y	9	1
Y	O6	4
Y	66	3
Y	96	5
Y	2:	2
Y	@	5
Y	{	1
Y	}	1
Y	&	2
Y	?	3
Y	a:	1
Y	E:	3
Y	e:	2
Y	i:	4
Y	o:	2
Y	u:	1
Y	y:	4
Y	a~	4
Y	aI	5
Y	aU	2
Y	dZ	3
Y	OY	4
Y	tS	3
Y	ts	4
Y	a6	1
Y	E6	4
Y	i6	2
Y	I6	4
Y	U6	3
Y	u6	3
Y	o6	1
Y	Y6	3
Y	y6	3
Y	@6	4
Y	a:6	4
Y	E:6	4
Y	e:6	5
Y	i:6	3
Y	o:6	2
Y	u:6	2
Y	y:6	2
Y	2:6	4
Z	A	4
Z	C	3
Z	I	5
Z	E	5
Z	M	2
Z	N	4
Z	O	2
Z	Q	1
Z	S	3
Z	T	4
Z	U	1
Z	V	3
Z	Y	5
Z	Z	2
Z	a	3
Z	b	1
Z	d	4
Z	i	5
Z	e	4
Z	f	5
Z	g	2
Z	h	4
Z	j	4
Z	k	1
Z	l	4
Z	m	3
Z	n	5
Z	o	2
Z	p	4
Z	r	5
Z	s	1
Z	t	5
Z	u	2
Z	v	4
Z	x	3
Z	y	5
Z	z	1
Z	1	2
Z	2	4
Z	3	1
Z	6	2
Z	7	4
Z	8	1
Z	9	3
Z	O6	5
Z	66	2
Z	96	3
Z	2:	2
Z	@	2
Z	{	3
Z	}	2
Z	&	1
Z	?	4
Z	a:	2
Z	E:	1
Z	e:	5
Z	i:	3
Z	o:	3
Z	u:	3
Z	y:	5
Z	a~	5
Z	aI	1
Z	aU	2
Z	dZ	2
Z	OY	5
Z	tS	4
Z	ts	5
Z	a6	5
Z	E6	5
Z	i6	2
Z	I6	3
Z	U6	5
Z	u6	4
Z	o6	3
Z	Y6	3
Z	y6	3
Z	@6	3
Z	a:6	3
Z	E:6	1
Z	e:6	4
Z	i:6	3
Z	o:6	2
Z	u:6	4
Z	y:6	3
Z	2:6	1
a	A	1
a	C	2
a	I	2
a	E	4
a	M	5
a	N	1
a	O	2
a	Q	1
a	S	5
a	T	3
a	U	3
a	V	3
a	Y	5
a	Z	2
a	a	5
a	b	3
a	d	1
a	i	1
a	e	5
a	f	1
a	g	2
a	h	1
a	j	2
a	k	2
a	l	5
a	m	3
a	n	5
a	o	4
a	p	1
a	r	4
a	s	4
a	t	4
a	u	1
a	v	2
a	x	3
a	y	1
a	z	3
a	1	4
a	2	5
a	3	5
a	6	3
a	7	2
a	8	4
a	9	4
a	O6	2
a	66	5
a	96	1
a	2:	5
a	@	3
a	{	1
a	}	4
a	&	2
a	?	1
a	a:	3
a	E:	3
a	e:	4
a	i:	5
a	o:	1
a	u:	5
a	y:	5
a	a~	2
a	aI	4
a	aU	2
a	dZ	1
a	OY	2
a	tS	2
a	ts	2
a	a6	4
a	E6	2
a	i6	3
a	I6	2
a	U6	4
a	u6	4
a	o6	3
a	Y6	1
a	y6	5
a	@6	1
a	a:6	4
a	E:6	5
a	e:6	1
a	i:6	4
a	o:6	2
a	u:6	3
a	y:6	5
a	2:6	5
b	A	2
b	C	2
b	I	2
b	E	4
b	M	5
b	N	5
b	O	2
b	Q	5
b	S	5
b	T	4
b	U	3
b	V	2
b	Y	3
b	Z	2
b	a	4
b	b	4
b	d	2
b	i	4
b	e	1
b	f	2
b	g	4
b	h	5
b	j	5
b	k	5
b	l	5
b	m	5
b	n	5
b	o	5
b	p	4
b	r	2
b	s	3
b	t	4
b	u	4
b	v	4
b	x	2
b	y	4
b	z	1
b	1	2
b	2	4
b	3	4
b	6	3
b	7	2
b	8	4
b	9	3
b	O6	3
b	66	1
b	96	4
b	2:	3
b	@	4
b	{	1
b	}	4
b	&	2
b	?	1
b	a:	2
b	E:	2
b	e:	5
b	i:	1
b	o:	3
b	u:	5
b	y:	3
b	a~	3
b	aI	1
b	aU	5
b	dZ	1
b	OY	5
b	tS	5
b	ts	5
b	a6	4
b	E6	5
b	i6	2
b	I6	1
b	U6	5
b	u6	5
b	o6	4
b	Y6	5
b	y6	3
b	@6	3
b	a:6	2
b	E:6	4
b	e:6	2
b	i:6	1
b	o:6	2
b	u:6	3
b	y:6	5
b	2:6	3
d	A	2
d	C	5
d	I	3
d	E	3
d	M	5
d	N	3
d	O	1
d	Q	2
d	S	1
d	T	5
d	U	5
d	V	3
d	Y	1
d	Z	4
d	a	2
d	b	5
d	d	4
d	i	4
d	e	1
d	f	5
d	g	1
d	h	3
d	j	5
d	k	3
d	l	4
d	m	2
d	n	2
d	o	4
d	p	4
d	r	5
d	s	4
d	t	1
d	u	1
d	v	3
d	x	5
d	y	4
d	z	1
d	1	2
d	2	3
d	3	4
d	6	1
d	7	2
d	8	5
d	9	2
d	O6	2
d	66	2
d	96	1
d	2:	3
d	@	2
d	{	3
d	}	5
d	&	5
d	?	3
d	a:	1
d	E:	3
d	e:	1
d	i:	1
d	o:	4
d	u:	3
d	y:	4
d	a~	4
d	aI	2
d	aU	2
d	dZ	3
d	OY	5
d	tS	1
d	ts	1
d	a6	2
d	E6	3
d	i6	5
d	I6	4
d	U6	5
d	u6	1
d	o6	1
d	Y6	4
d	y6	1
d	@6	3
d	a:6	4
d	E:6	2
d	e:6	3
d	i:6	5
d	o:6	3
d	u:6	4
d	y:6	2
d	2:6	5
i	A	1
i	C	1
i	I	5
i	E	2
i	M	1
i	N	4
i	O	4
i	Q	4
i	S	5
i	T	3
i	U	5
i	V	1
i	Y	2
i	Z	4
i	a	3
i	b	4
i	d	2
i	i	1
i	e	2
i	f	3
i	g	3
i	h	4
i	j	5
i	k	1
i	l	3
i	m	1
i	n	5
i	o	3
i	p	2
i	r	4
i	s	2
i	t	1
i	u	1
i	v	2
i	x	1
i	y	2
i	z	5
i	1	2
i	2	5
i	3	4
i	6	2
i	7	5
i	8	1
i	9	1
i	O6	4
i	66	2
i	96	3
i	2:	4
i	@	1
i	{	1
i	}	4
i	&	2
i	?	3
i	a:	5
i	E:	5
i	e:	5
i	i:	2
i	o:	4
i	u:	5
i	y:	3
i	a~	3
i	aI	5
i	aU	4
i	dZ	3
i	OY	2
i	tS	4
i	ts	5
i	a6	5
i	E6	5
i	i6	3
i	I6	5
i	U6	1
i	u6	5
i	o6	5
i	Y6	4
i	y6	2
i	@6	1
i	a:6	2
i	E:6	3
i	e:6	1
i	i:6	1
i	o:6	1
i	u:6	1
i	y:6	3
i	2:6	1
e	A	4
e	C	1
e	I	4
e	E	1
e	M	1
e	N	2
e	O	1
e	Q	1
e	S	1
e	T	3
e	U	5
e	V	2
e	Y	4
e	Z	1
e	a	2
e	b	2
e	d	2
e	i	5
e	e	2
e	f	4
e	g	4
e	h	3
e	j	5
e	k	5
e	l	4
e	m	3
e	n	1
e	o	4
e	p	4
e	r	4
e	s	3
e	t	1
e	u	4
e	v	5
e	x	5
e	y	4
e	z	3
e	1	2
e	2	3
e	3	1
e	6	4
e	7	1
e	8	4
e	9	3
e	O6	1
e	66	3
e	96	2
e	2:	2
e	@	5
e	{	5
e	}	1
e	&	4
e	?	1
e	a:	3
e	E:	4
e	e:	1
e	i:	1
e	o:	4
e	u:	1
e	y:	5
e	a~	2
e	aI	5
e	aU	4
e	dZ	1
e	OY	1
e	tS	2
e	ts	2
e	a6	5
e	E6	3
e	i6	3
e	I6	2
e	U6	2
e	u6	5
e	o6	3
e	Y6	2
e	y6	1
e	@6	2
e	a:6	5
e	E:6	1
e	e:6	2
e	i:6	5
e	o:6	2
e	u:6	5
e	y:6	4
e	2:6	5
f	A	2
f	C	4
f	I	4
f	E	1
f	M	3
f	N	2
f	O	4
f	Q	3
f	S	1
f	T	3
f	U	1
f	V	2
f	Y	5
f	Z	3
f	a	2
f	b	2
f	d	4
f	i	4
f	e	4
f	f	1
f	g	4
f	h	2
f	j	4
f	k	5
f	l	5
f	m	3
f	n	2
f	o	2
f	p	1
f	r	5
f	s	5
f	t	2
f	u	4
f	v	5
f	x	5
f	y	2
f	z	3
f	1	2
f	2	2
f	3	4
f	6	3
f	7	2
f	8	4
f	9	3
f	O6	5
f	66	1
f	96	4
f	2:	2
f	@	1
f	{	2
f	}	1
f	&	5
f	?	5
f	a:	4
f	E:	4
f	e:	4
f	i:	1
f	o:	5
f	u:	1
f	y:	5
f	a~	3
f	aI	4
f	aU	3
f	dZ	2
f	OY	2
f	tS	2
f	ts	4
f	a6	5
f	E6	2
f	i6	4
f	I6	2
f	U6	2
f	u6	2
f	o6	4
f	Y6	5
f	y6	5
f	@6	1
f	a:6	2
f	E:6	3
f	e:6	3
f	i:6	3
f	o:6	4
f	u:6	4
f	y:6	5
f	2:6	3
g	A	3
g	C	1
g	I	5
g	E	4
g	M	1
g	N	5
g	O	5
g	Q	5
g	S	5
g	T	5
g	U	2
g	V	4
g	Y	1
g	Z	5
g	a	3
g	b	2
g	d	4
g	i	3
g	e	3
g	f	1
g	g	3
g	h	1
g	j	5
g	k	4
g	l	5
g	m	2
g	n	5
g	o	2
g	p	3
g	r	2
g	s	1
g	t	3
g	u	3
g	v	5
g	x	4
g	y	4
g	z	3
g	1	5
g	2	2
g	3	4
g	6	5
g	7	4
g	8	2
g	9	2
g	O6	5
g	66	1
g	96	5
g	2:	4
g	@	4
g	{	5
g	}	1
g	&	5
g	?	2
g	a:	4
g	E:	3
g	e:	3
g	i:	4
g	o:	5
g	u:	3
g	y:	4
g	a~	5
g	aI	2
g	aU	4
g	dZ	1
g	OY	5
g	tS	5
g	ts	3
g	a6	3
g	E6	3
g	i6	3
g	I6	2
g	U6	1
g	u6	4
g	o6	5
g	Y6	4
g	y6	3
g	@6	2
g	a:6	4
g	E:6	5
g	e:6	5
g	i:6	1
g	o:6	2
g	u:6	2
g	y:6	4
g	2:6	3
h	A	4
h	C	3
h	I	3
h	E	1
h	M	5
h	N	5
h	O	3
h	Q	1
h	S	2
h	T	3
h	U	4
h	V	4
h	Y	2
h	Z	5
h	a	1
h	b	5
h	d	3
h	i	5
h	e	1
h	f	4
h	g	2
h	h	4
h	j	5
h	k	4
h	l	3
h	m	1
h	n	3
h	o	2
h	p	4
h	r	5
h	s	2
h	t	5
h	u	2
h	v	1
h	x	4
h	y	3
h	z	4
h	1	2
h	2	4
h	3	5
h	6	4
h	7	5
h	8	2
h	9	4
h	O6	5
h	66	1
h	96	5
h	2:	1
h	@	1
h	{	3
h	}	3
h	&	1
h	?	1
h	a:	2
h	E:	5
h	e:	1
h	i:	2
h	o:	2
h	u:	2
h	y:	2
h	a~	2
h	aI	3
h	aU	4
h	dZ	3
h	OY	2
h	tS	4
h	ts	3
h	a6	4
h	E6	1
h	i6	3
h	I6	2
h	U6	5
h	u6	4
h	o6	4
h	Y6	4
h	y6	2
h	@6	3
h	a:6	2
h	E:6	1
h	e:6	4
h	i:6	3
h	o:6	1
h	u:6	3
h	y:6	3
h	2:6	2
j	A	4
j	C	1
j	I	1
j	E	5
j	M	1
j	N	1
j	O	1
j	Q	3
j	S	5
j	T	3
j	U	3
j	V	5
j	Y	4
j	Z	2
j	a	3
j	b	4
j	d	2
j	i	2
j	e	5
j	f	5
j	g	3
j	h	4
j	j	3
j	k	4
j	l	2
j	m	5
j	n	2
j	o	5
j	p	2
j	r	5
j	s	5
j	t	2
j	u	2
j	v	5
j	x	3
j	y	4
j	z	1
j	1	5
j	2	2
j	3	2
j	6	3
j	7	1
j	8	5
j	9	1
j	O6	4
j	66	4
j	96	4
j	2:	3
j	@	1
j	{	4
j	}	5
j	&	1
j	?	1
j	a:	1
j	E:	2
j	e:	2
j	i:	1
j	o:	5
j	u:	2
j	y:	5
j	a~	4
j	aI	3
j	aU	5
j	dZ	2
j	OY	1
j	tS	5
j	ts	2
j	a6	3
j	E6	2
j	i6	5
j	I6	3
j	U6	5
j	u6	4
j	o6	1
j	Y6	2
j	y6	3
j	@6	5
j	a:6	1
j	E:6	5
j	e:6	2
j	i:6	5
j	o:6	1
j	u:6	4
j	y:6	4
j	2:6	3
k	A	4
k	C	1
k	I	4
k	E	3
k	M	5
k	N	5
k	O	5
k	Q	3
k	S	4
k	T	1
k	U	4
k	V	3
k	Y	1
k	Z	3
k	a	3
k	b	3
k	d	3
k	i	1
k	e	4
k	f	4
k	g	2
k	h	3
k	j	4
k	k	2
k	l	3
k	m	3
k	n	4
k	o	2
k	p	1
k	r	1
k	s	3
k	t	1
k	u	4
k	v	5
k	x	2
k	y	5
k	z	4
k	1	4
k	2	5
k	3	1
k	6	5
k	7	4
k	8	3
k	9	5
k	O6	4
k	66	1
k	96	1
k	2:	5
k	@	2
k	{	4
k	}	1
k	&	4
k	?	4
k	a:	2
k	E:	5
k	e:	1
k	i:	3
k	o:	2
k	u:	4
k	y:	5
k	a~	2
k	aI	3
k	aU	4
k	dZ	2
k	OY	5
k	tS	3
k	ts	1
k	a6	5
k	E6	2
k	i6	1
k	I6	3
k	U6	3
k	u6	5
k	o6	5
k	Y6	2
k	y6	3
k	@6	5
k	a:6	2
k	E:6	3
k	e:6	4
k	i:6	5
k	o:6	5
k	u:6	1
k	y:6	2
k	2:6	3
l	A	5
l	C	5
l	I	2
l	E	4
l	M	4
l	N	3
l	O	4
l	Q	5
l	S	3
l	T	2
l	U	4
l	V	2
l	Y	2
l	Z	1
l	a	3
l	b	3
l	d	5
l	i	5
l	e	5
l	f	4
l	g	4
l	h	4
l	j	1
l	k	5
l	l	3
l	m	3
l	n	4
l	o	3
l	p	4
l	r	4
l	s	2
l	t	1
l	u	3
l	v	2
l	x	2
l	y	3
l	z	2
l	1	2
l	2	2
l	3	1
l	6	5
l	7	2
l	8	3
l	9	1
l	O6	2
l	66	2
l	96	2
l	2:	5
l	@	2
l	{	3
l	}	3
l	&	2
l	?	5
l	a:	3
l	E:	1
l	e:	4
l	i:	5
l	o:	4
l	u:	5
l	y:	3
l	a~	4
l	aI	2
l	aU	1
l	dZ	2
l	OY	3
l	tS	3
l	ts	5
l	a6	2
l	E6	4
l	i6	5
l	I6	2
l	U6	1
l	u6	5
l	o6	1
l	Y6	2
l	y6	2
l	@6	4
l	a:6	5
l	E:6	3
l	e:6	3
l	i:6	2
l	o:6	1
l	u:6	1
l	y:6	3
l	2:6	1
m	A	4
m	C	4
m	I	2
m	E	2
m	M	4
m	N	5
m	O	3
m	Q	5
m	S	3
m	T	3
m	U	5
m	V	1
m	Y	3
m	Z	5
m	a	4
m	b	5
m	d	5
m	i	1
m	e	3
m	f	3
m	g	1
m	h	3
m	j	1
m	k	1
m	l	4
m	m	3
m	n	5
m	o	3
m	p	5
m	r	2
m	s	4
m	t	4
m	u	5
m	v	2
m	x	2
m	y	5
m	z	2
m	1	5
m	2	5
m	3	2
m	6	3
m	7	4
m	8	2
m	9	1
m	O6	4
m	66	3
m	96	1
m	2:	4
m	@	1
m	{	1
m	}	5
m	&	1
m	?	4
m	a:	4
m	E:	3
m	e:	1
m	i:	4
m	o:	1
m	u:	2
m	y:	4
m	a~	3
m	aI	2
m	aU	3
m	dZ	4
m	OY	5
m	tS	3
m	ts	1
m	a6	5
m	E6	5
m	i6	4
m	I6	1
m	U6	5
m	u6	4
m	o6	3
m	Y6	1
m	y6	4
m	@6	4
m	a:6	4
m	E:6	1
m	e:6	4
m	i:6	5
m	o:6	4
m	u:6	1
m	y:6	3
m	2:6	4
n	A	4
n	C	4
n	I	5
n	E	1
n	M	2
n	N	4
n	O	4
n	Q	4
n	S	5
n	T	2
n	U	3
n	V	3
n	Y	1
n	Z	1
n	a	4
n	b	1
n	d	4
n	i	1
n	e	4
n	f	1
n	g	3
n	h	1
n	j	4
n	k	2
n	l	1
n	m	3
n	n	2
n	o	5
n	p	3
n	r	2
n	s	4
n	t	2
n	u	4
n	v	4
n	x	1
n	y	4
n	z	2
n	1	4
n	2	3
n	3	4
n	6	2
n	7	3
n	8	1
n	9	3
n	O6	1
n	66	2
n	96	5
n	2:	1
n	@	4
n	{	2
n	}	4
n	&	2
n	?	1
n	a:	1
n	E:	3
n	e:	4
n	i:	2
n	o:	5
n	u:	3
n	y:	3
n	a~	4
n	aI	5
n	aU	1
n	dZ	3
n	OY	5
n	tS	5
n	ts	2
n	a6	1
n	E6	1
n	i6	4
n	I6	1
n	U6	5
n	u6	1
n	o6	2
n	Y6	5
n	y6	4
n	@6	1
n	a:6	2
n	E:6	1
n	e:6	5
n	i:6	1
n	o:6	1
n	u:6	5
n	y:6	4
n	2:6	2
o	A	4
o	C	2
o	I	3
o	E	3
o	M	1
o	N	3
o	O	5
o	Q	4
o	S	1
o	T	3
o	U	1
o	V	5
o	Y	5
o	Z	1
o	a	4
o	b	4
o	d	4
o	i	3
o	e	2
o	f	3
o	g	3
o	h	5
o	j	1
o	k	1
o	l	4
o	m	5
o	n	5
o	o	4
o	p	1
o	r	1
o	s	1
o	t	3
o	u	5
o	v	1
o	x	4
o	y	1
o	z	5
o	1	1
o	2	1
o	3	2
o	6	5
o	7	2
o	8	4
o	9	3
o	O6	5
o	66	4
o	96	2
o	2:	2
o	@	5
o	{	3
o	}	5
o	&	1
o	?	5
o	a:	3
o	E:	2
o	e:	2
o	i:	3
o	o:	1
o	u:	3
o	y:	4
o	a~	2
o	aI	2
o	aU	3
o	dZ	5
o	OY	2
o	tS	3
o	ts	1
o	a6	4
o	E6	1
o	i6	5
o	I6	4
o	U6	5
o	u6	5
o	o6	3
o	Y6	2
o	y6	1
o	@6	1
o	a:6	1
o	E:6	5
o	e:6	1
o	i:6	3
o	o:6	5
o	u:6	2
o	y:6	2
o	2:6	4
p	A	4
p	C	2
p	I	5
p	E	4
p	M	3
p	N	5
p	O	3
p	Q	2
p	S	2
p	T	5
p	U	1
p	V	1
p	Y	2
p	Z	4
p	a	1
p	b	2
p	d	5
p	i	5
p	e	4
p	f	2
p	g	4
p	h	5
p	j	1
p	k	2
p	l	2
p	m	4
p	n	1
p	o	3
p	p	4
p	r	1
p	s	3
p	t	4
p	u	4
p	v	1
p	x	3
p	y	4
p	z	2
p	1	4
p	2	1
p	3	1
p	6	1
p	7	2
p	8	4
p	9	3
p	O6	4
p	66	1
p	96	2
p	2:	4
p	@	1
p	{	4
p	}	4
p	&	5
p	?	4
p	a:	5
p	E:	3
p	e:	3
p	i:	2
p	o:	4
p	u:	5
p	y:	3
p	a~	3
p	aI	4
p	aU	2
p	dZ	5
p	OY	4
p	tS	4
p	ts	1
p	a6	1
p	E6	3
p	i6	4
p	I6	2
p	U6	2
p	u6	4
p	o6	2
p	Y6	1
p	y6	5
p	@6	3
p	a:6	3
p	E:6	4
p	e:6	5
p	i:6	5
p	o:6	1
p	u:6	3
p	y:6	4
p	2:6	4
r	A	2
r	C	2
r	I	3
r	E	4
r	M	1
r	N	2
r	O	5
r	Q	1
r	S	1
r	T	5
r	U	1
r	V	2
r	Y	3
r	Z	2
r	a	2
r	b	1
r	d	5
r	i	3
r	e	2
r	f	4
r	g	5
r	h	5
r	j	5
r	k	5
r	l	3
r	m	5
r	n	4
r	o	3
r	p	2
r	r	3
r	s	3
r	t	1
r	u	2
r	v	1
r	x	5
r	y	3
r	z	2
r	1	1
r	2	5
r	3	2
r	6	2
r	7	5
r	8	5
r	9	3
r	O6	4
r	66	3
r	96	1
r	2:	1
r	@	1
r	{	5
r	}	4
r	&	3
r	?	3
r	a:	2
r	E:	5
r	e:	3
r	i:	1
r	o:	3
r	u:	3
r	y:	4
r	a~	5
r	aI	2
r	aU	1
r	dZ	5
r	OY	4
r	tS	3
r	ts	4
r	a6	4
r	E6	4
r	i6	2
r	I6	3
r	U6	5
r	u6	1
r	o6	2
r	Y6	4
r	y6	1
r	@6	2
r	a:6	4
r	E:6	4
r	e:6	2
r	i:6	1
r	o:6	1
r	u:6	1
r	y:6	3
r	2:6	5
s	A	3
s	C	5
s	I	2
s	E	1
s	M	2
s	N	4
s	O	4
s	Q	3
s	S	2
s	T	5
s	U	4
s	V	4
s	Y	1
s	Z	2
s	a	2
s	b	4
s	d	2
s	i	5
s	e	5
s	f	2
s	g	1
s	h	3
s	j	3
s	k	3
s	l	4
s	m	5
s	n	1
s	o	4
s	p	5
s	r	5
s	s	2
s	t	1
s	u	3
s	v	1
s	x	5
s	y	1
s	z	5
s	1	3
s	2	4
s	3	5
s	6	4
s	7	4
s	8	3
s	9	2
s	O6	4
s	66	1
s	96	3
s	2:	4
s	@	1
s	{	4
s	}	3
s	&	1
s	?	1
s	a:	4
s	E:	2
s	e:	5
s	i:	3
s	o:	4
s	u:	1
s	y:	4
s	a~	1
s	aI	1
s	aU	5
s	dZ	2
s	OY	3
s	tS	2
s	ts	4
s	a6	4
s	E6	5
s	i6	2
s	I6	1
s	U6	5
s	u6	5
s	o6	5
s	Y6	4
s	y6	5
s	@6	2
s	a:6	2
s	E:6	4
s	e:6	3
s	i:6	1
s	o:6	1
s	u:6	4
s	y:6	1
s	2:6	5
t	A	2
t	C	5
t	I	3
t	E	1
t	M	1
t	N	5
t	O	4
t	Q	4
t	S	4
t	T	2
t	U	5
t	V	4
t	Y	1
t	Z	2
t	a	3
t	b	3
t	d	2
t	i	4
t	e	3
t	f	3
t	g	4
t	h	4
t	j	1
t	k	5
t	l	2
t	m	1
t	n	5
t	o	4
t	p	1
t	r	4
t	s	2
t	t	5
t	u	5
t	v	1
t	x	4
t	y	5
t	z	5
t	1	2
t	2	3
t	3	1
t	6	3
t	7	1
t	8	2
t	9	5
t	O6	5
t	66	2
t	96	3
t	2:	5
t	@	4
t	{	5
t	}	3
t	&	4
t	?	5
t	a:	2
t	E:	3
t	e:	5
t	i:	3
t	o:	5
t	u:	5
t	y:	2
t	a~	4
t	aI	3
t	aU	3
t	dZ	2
t	OY	4
t	tS	3
t	ts	1
t	a6	3
t	E6	3
t	i6	3
t	I6	4
t	U6	4
t	u6	2
t	o6	4
t	Y6	4
t	y6	3
t	@6	4
t	a:6	5
t	E:6	3
t	e:6	2
t	i:6	2
t	o:6	5
t	u:6	5
t	y:6	2
t	2:6	2
u	A	1
u	C	2
u	I	2
u	E	2
u	M	2
u	N	5
u	O	5
u	Q	1
u	S	2
u	T	3
u	U	3
u	V	3
u	Y	5
u	Z	5
u	a	2
u	b	5
u	d	1
u	i	1
u	e	3
u	f	2
u	g	4
u	h	4
u	j	1
u	k	2
u	l	1
u	m	3
u	n	1
u	o	5
u	p	4
u	r	5
u	s	4
u	t	4
u	u	5
u	v	2
u	x	5
u	y	1
u	z	3
u	1	1
u	2	1
u	3	2
u	6	2
u	7	1
u	8	3
u	9	3
u	O6	1
u	66	4
u	96	4
u	2:	1
u	@	3
u	{	3
u	}	3
u	&	4
u	?	4
u	a:	1
u	E:	4
u	e:	2
u	i:	3
u	o:	2
u	u:	1
u	y:	2
u	a~	3
u	aI	2
u	aU	4
u	dZ	3
u	OY	4
u	tS	3
u	ts	4
u	a6	2
u	E6	4
u	i6	1
u	I6	1
u	U6	2
u	u6	3
u	o6	2
u	Y6	5
u	y6	5
u	@6	5
u	a:6	2
u	E:6	5
u	e:6	4
u	i:6	1
u	o:6	5
u	u:6	1
u	y:6	4
u	2:6	5
v	A	1
v	C	4
v	I	3
v	E	4
v	M	2
v	N	4
v	O	4
v	Q	4
v	S	5
v	T	2
v	U	5
v	V	1
v	Y	4
v	Z	2
v	a	2
v	b	3
v	d	5
v	i	1
v	e	1
v	f	5
v	g	5
v	h	2
v	j	3
v	k	4
v	l	5
v	m	3
v	n	5
v	o	5
v	p	4
v	r	3
v	s	4
v	t	2
v	u	2
v	v	1
v	x	1
v	y	3
v	z	5
v	1	3
v	2	3
v	3	5
v	6	2
v	7	3
v	8	2
v	9	4
v	O6	4
v	66	5
v	96	3
v	2:	4
v	@	1
v	{	4
v	}	2
v	&	4
v	?	5
v	a:	5
v	E:	2
v	e:	3
v	i:	4
v	o:	2
v	u:	5
v	y:	4
v	a~	5
v	aI	5
v	aU	3
v	dZ	1
v	OY	5
v	tS	3
v	ts	1
v	a6	2
v	E6	2
v	i6	3
v	I6	5
v	U6	2
v	u6	3
v	o6	1
v	Y6	5
v	y6	3
v	@6	4
v	a:6	5
v	E:6	1
v	e:6	2
v	i:6	1
v	o:6	1
v	u:6	1
v	y:6	3
v	2:6	1
x	A	3
x	C	2
x	I	2
x	E	3
x	M	3
x	N	2
x	O	3
x	Q	1
x	S	1
x	T	1
x	U	1
x	V	5
x	Y	2
x	Z	2
x	a	1
x	b	5
x	d	4
x	i	4
x	e	3
x	f	5
x	g	2
x	h	5
x	j	2
x	k	4
x	l	1
x	m	1
x	n	2
x	o	3
x	p	3
x	r	5
x	s	4
x	t	1
x	u	5
x	v	1
x	x	3
x	y	3
x	z	1
x	1	3
x	2	1
x	3	3
x	6	5
x	7	1
x	8	1
x	9	5
x	O6	2
x	66	1
x	96	1
x	2:	1
x	@	3
x	{	2
x	}	4
x	&	4
x	?	5
x	a:	2
x	E:	5
x	e:	2
x	i:	5
x	o:	5
x	u:	1
x	y:	5
x	a~	5
x	aI	5
x	aU	2
x	dZ	3
x	OY	2
x	tS	2
x	ts	1
x	a6	3
x	E6	5
x	i6	1
x	I6	5
x	U6	4
x	u6	4
x	o6	4
x	Y6	1
x	y6	2
x	@6	3
x	a:6	4
x	E:6	1
x	e:6	1
x	i:6	5
x	o:6	5
x	u:6	4
x	y:6	2
x	2:6	1
y	A	3
y	C	2
y	I	5
y	E	3
y	M	1
y	N	1
y	O	4
y	Q	3
y	S	5
y	T	5
y	U	2
y	V	2
y	Y	2
y	Z	1
y	a	3
y	b	1
y	d	1
y	i	4
y	e	4
y	f	1
y	g	3
y	h	3
y	j	4
y	k	5
y	l	2
y	m	4
y	n	1
y	o	5
y	p	1
y	r	1
y	s	3
y	t	1
y	u	4
y	v	5
y	x	4
y	y	1
y	z	2
y	1	5
y	2	5
y	3	2
y	6	5
y	7	3
y	8	2
y	9	2
y	O6	2
y	66	2
y	96	3
y	2:	1
y	@	4
y	{	2
y	}	1
y	&	2
y	?	2
y	a:	1
y	E:	5
y	e:	5
y	i:	2
y	o:	2
y	u:	4
y	y:	4
y	a~	4
y	aI	1
y	aU	3
y	dZ	1
y	OY	2
y	tS	3
y	ts	3
y	a6	1
y	E6	3
y	i6	2
y	I6	2
y	U6	1
y	u6	4
y	o6	2
y	Y6	5
y	y6	4
y	@6	2
y	a:6	3
y	E:6	5
y	e:6	3
y	i:6	3
y	o:6	4
y	u:6	1
y	y:6	4
y	2:6	1
z	A	1
z	C	2
z	I	1
z	E	5
z	M	2
z	N	1
z	O	3
z	Q	3
z	S	5
z	T	4
z	U	2
z	V	2
z	Y	4
z	Z	1
z	a	3
z	b	4
z	d	2
z	i	5
z	e	1
z	f	4
z	g	3
z	h	5
z	j	2
z	k	4
z	l	4
z	m	4
z	n	2
z	o	2
z	p	4
z	r	5
z	s	5
z	t	5
z	u	4
z	v	1
z	x	1
z	y	3
z	z	3
z	1	4
z	2	5
z	3	5
z	6	3
z	7	3
z	8	3
z	9	1
z	O6	5
z	66	2
z	96	3
z	2:	2
z	@	2
z	{	1
z	}	1
z	&	2
z	?	3
z	a:	5
z	E:	1
z	e:	1
z	i:	1
z	o:	4
z	u:	5
z	y:	1
z	a~	4
z	aI	5
z	aU	4
z	dZ	3
z	OY	5
z	tS	3
z	ts	2
z	a6	5
z	E6	1
z	i6	5
z	I6	5
z	U6	3
z	u6	2
z	o6	3
z	Y6	3
z	y6	2
z	@6	4
z	a:6	5
z	E:6	5
z	e:6	1
z	i:6	1
z	o:6	1
z	u:6	2
z	y:6	5
z	2:6	2
1	A	5
1	C	3
1	I	3
1	E	2
1	M	1
1	N	1
1	O	3
1	Q	1
1	S	3
1	T	1
1	U	4
1	V	2
1	Y	5
1	Z	3
1	a	4
1	b	5
1	d	4
1	i	5
1	e	2
1	f	5
1	g	4
1	h	4
1	j	1
1	k	1
1	l	3
1	m	5
1	n	5
1	o	5
1	p	2
1	r	1
1	s	3
1	t	1
1	u	3
1	v	4
1	x	5
1	y	3
1	z	5
1	1	5
1	2	2
1	3	3
1	6	4
1	7	1
1	8	2
1	9	2
1	O6	5
1	66	4
1	96	3
1	2:	2
1	@	4
1	{	1
1	}	2
1	&	5
1	?	1
1	a:	1
1	E:	3
1	e:	1
1	i:	4
1	o:	4
1	u:	2
1	y:	4
1	a~	5
1	aI	5
1	aU	4
1	dZ	4
1	OY	2
1	tS	2
1	ts	3
1	a6	1
1	E6	2
1	i6	1
1	I6	1
1	U6	5
1	u6	3
1	o6	3
1	Y6	5
1	y6	3
1	@6	5
1	a:6	1
1	E:6	5
1	e:6	1
1	i:6	2
1	o:6	2
1	u:6	1
1	y:6	4
1	2:6	4
2	A	3
2	C	1
2	I	3
2	E	3
2	M	4
2	N	4
2	O	1
2	Q	2
2	S	3
2	T	2
2	U	3
2	V	5
2	Y	2
2	Z	5
2	a	4
2	b	2
2	d	2
2	i	2
2	e	2
2	f	5
2	g	2
2	h	4
2	j	1
2	k	2
2	l	2
2	m	3
2	n	4
2	o	4
2	p	1
2	r	1
2	s	1
2	t	1
2	u	4
2	v	2
2	x	4
2	y	2
2	z	4
2	1	2
2	2	5
2	3	1
2	6	2
2	7	2
2	8	1
2	9	3
2	O6	1
2	66	1
2	96	5
2	2:	2
2	@	4
2	{	2
2	}	2
2	&	3
2	?	2
2	a:	3
2	E:	3
2	e:	2
2	i:	3
2	o:	5
2	u:	2
2	y:	3
2	a~	5
2	aI	1
2	aU	1
2	dZ	1
2	OY	5
2	tS	3
2	ts	5
2	a6	2
2	E6	5
2	i6	4
2	I6	2
2	U6	5
2	u6	3
2	o6	2
2	Y6	3
2	y6	3
2	@6	1
2	a:6	3
2	E:6	4
2	e:6	4
2	i:6	2
2	o:6	2
2	u:6	3
2	y:6	1
2	2:6	3
3	A	1
3	C	4
3	I	5
3	E	4
3	M	3
3	N	4
3	O	2
3	Q	2
3	S	5
3	T	2
3	U	1
3	V	1
3	Y	5
3	Z	2
3	a	1
3	b	1
3	d	5
3	i	3
3	e	1
3	f	5
3	g	2
3	h	5
3	j	3
3	k	5
3	l	5
3	m	2
3	n	4
3	o	2
3	p	2
3	r	3
3	s	5
3	t	1
3	u	3
3	v	1
3	x	2
3	y	2
3	z	2
3	1	4
3	2	1
3	3	5
3	6	2
3	7	4
3	8	4
3	9	3
3	O6	1
3	66	1
3	96	1
3	2:	5
3	@	2
3	{	3
3	}	1
3	&	3
3	?	4
3	a:	4
3	E:	1
3	e:	3
3	i:	2
3	o:	1
3	u:	4
3	y:	4
3	a~	5
3	aI	5
3	aU	5
3	dZ	5
3	OY	3
3	tS	1
3	ts	3
3	a6	5
3	E6	1
3	i6	5
3	I6	3
3	U6	1
3	u6	3
3	o6	3
3	Y6	4
3	y6	4
3	@6	4
3	a:6	4
3	E:6	1
3	e:6	5
3	i:6	3
3	o:6	5
3	u:6	5
3	y:6	3
3	2:6	1
6	A	4
6	C	2
6	I	2
6	E	5
6	M	3
6	N	3
6	O	1
6	Q	2
6	S	2
6	T	4
6	U	4
6	V	5
6	Y	2
6	Z	1
6	a	1
6	b	5
6	d	2
6	i	3
6	e	2
6	f	1
6	g	2
6	h	2
6	j	5
6	k	3
6	l	2
6	m	2
6	n	3
6	o	3
6	p	3
6	r	4
6	s	3
6	t	1
6	u	1
6	v	4
6	x	1
6	y	3
6	z	5
6	1	3
6	2	3
6	3	5
6	6	4
6	7	1
6	8	5
6	9	2
6	O6	2
6	66	3
6	96	4
6	2:	1
6	@	1
6	{	2
6	}	3
6	&	2
6	?	5
6	a:	5
6	E:	3
6	e:	2
6	i:	3
6	o:	3
6	u:	5
6	y:	1
6	a~	5
6	aI	2
6	aU	5
6	dZ	3
6	OY	3
6	tS	3
6	ts	3
6	a6	5
6	E6	3
6	i6	4
6	I6	2
6	U6	4
6	u6	5
6	o6	1
6	Y6	2
6	y6	5
6	@6	3
6	a:6	1
6	E:6	3
6	e:6	4
6	i:6	3
6	o:6	5
6	u:6	3
6	y:6	2
6	2:6	3
7	A	2
7	C	2
7	I	2
7	E	3
7	M	4
7	N	3
7	O	2
7	Q	3
7	S	5
7	T	3
7	U	1
7	V	5
7	Y	2
7	Z	1
7	a	2
7	b	2
7	d	5
7	i	1
7	e	2
7	f	4
7	g	5
7	h	4
7	j	2
7	k	1
7	l	3
7	m	3
7	n	4
7	o	2
7	p	5
7	r	4
7	s	5
7	t	2
7	u	3
7	v	4
7	x	5
7	y	5
7	z	4
7	1	3
7	2	5
7	3	3
7	6	2
7	7	1
7	8	5
7	9	1
7	O6	4
7	66	2
7	96	4
7	2:	2
7	@	3
7	{	2
7	}	4
7	&	1
7	?	4
7	a:	5
7	E:	4
7	e:	4
7	i:	3
7	o:	4
7	u:	1
7	y:	2
7	a~	2
7	aI	3
7	aU	4
7	dZ	3
7	OY	2
7	tS	2
7	ts	4
7	a6	1
7	E6	3
7	i6	3
7	I6	4
7	U6	2
7	u6	1
7	o6	2
7	Y6	5
7	y6	5
7	@6	1
7	a:6	3
7	E:6	3
7	e:6	1
7	i:6	1
7	o:6	3
7	u:6	5
7	y:6	4
7	2:6	4
8	A	2
8	C	2
8	I	2
8	E	5
8	M	1
8	N	4
8	O	5
8	Q	2
8	S	1
8	T	3
8	U	3
8	V	1
8	Y	2
8	Z	5
8	a	2
8	b	3
8	d	1
8	i	3
8	e	1
8	f	4
8	g	5
8	h	4
8	j	5
8	k	1
8	l	4
8	m	5
8	n	5
8	o	1
8	p	1
8	r	5
8	s	4
8	t	2
8	u	3
8	v	4
8	x	5
8	y	3
8	z	5
8	1	1
8	2	5
8	3	5
8	6	2
8	7	4
8	8	4
8	9	3
8	O6	3
8	66	2
8	96	3
8	2:	3
8	@	3
8	{	5
8	}	3
8	&	2
8	?	5
8	a:	1
8	E:	1
8	e:	3
8	i:	4
8	o:	2
8	u:	2
8	y:	2
8	a~	2
8	aI	1
8	aU	1
8	dZ	1
8	OY	2
8	tS	4
8	ts	3
8	a6	3
8	E6	4
8	i6	5
8	I6	4
8	U6	1
8	u6	1
8	o6	1
8	Y6	3
8	y6	3
8	@6	3
8	a:6	3
8	E:6	2
8	e:6	3
8	i:6	4
8	o:6	4
8	u:6	5
8	y:6	1
8	2:6	5
9	A	5
9	C	5
9	I	1
9	E	4
9	M	1
9	N	2
9	O	4
9	Q	1
9	S	4
9	T	3
9	U	1
9	V	3
9	Y	4
9	Z	2
9	a	5
9	b	2
9	d	2
9	i	1
9	e	2
9	f	1
9	g	1
9	h	4
9	j	4
9	k	3
9	l	3
9	m	1
9	n	4
9	o	1
9	p	4
9	r	1
9	s	2
9	t	2
9	u	2
9	v	4
9	x	5
9	y	4
9	z	2
9	1	5
9	2	2
9	3	2
9	6	4
9	7	4
9	8	4
9	9	4
9	O6	5
9	66	5
9	96	4
9	2:	4
9	@	5
9	{	1
9	}	2
9	&	2
9	?	4
9	a:	5
9	E:	1
9	e:	4
9	i:	2
9	o:	5
9	u:	3
9	y:	1
9	a~	4
9	aI	2
9	aU	4
9	dZ	3
9	OY	3
9	tS	4
9	ts	3
9	a6	1
9	E6	2
9	i6	2
9	I6	2
9	U6	1
9	u6	5
9	o6	3
9	Y6	2
9	y6	3
9	@6	1
9	a:6	2
9	E:6	1
9	e:6	2
9	i:6	3
9	o:6	4
9	u:6	3
9	y:6	3
9	2:6	2
O6	A	5
O6	C	1
O6	I	3
O6	E	1
O6	M	4
O6	N	1
O6	O	1
O6	Q	2
O6	S	3
O6	T	4
O6	U	1
O6	V	3
O6	Y	3
O6	Z	4
O6	a	5
O6	b	5
O6	d	4
O6	i	5
O6	e	4
O6	f	3
O6	g	4
O6	h	1
O6	j	5
O6	k	5
O6	l	3
O6	m	1
O6	n	1
O6	o	4
O6	p	2
O6	r	1
O6	s	2
O6	t	5
O6	u	3
O6	v	5
O6	x	2
O6	y	5
O6	z	4
O6	1	4
O6	2	2
O6	3	2
O6	6	1
O6	7	5
O6	8	5
O6	9	1
O6	O6	2
O6	66	5
O6	96	5
O6	2:	5
O6	@	2
O6	{	5
O6	}	4
O6	&	4
O6	?	1
O6	a:	3
O6	E:	3
O6	e:	5
O6	i:	3
O6	o:	2
O6	u:	4
O6	y:	4
O6	a~	2
O6	aI	1
O6	aU	1
O6	dZ	5
O6	OY	4
O6	tS	2
O6	ts	3
O6	a6	2
O6	E6	1
O6	i6	1
O6	I6	4
O6	U6	3
O6	u6	1
O6	o6	1
O6	Y6	2
O6	y6	4
O6	@6	4
O6	a:6	2
O6	E:6	4
O6	e:6	5
O6	i:6	5
O6	o:6	2
O6	u:6	5
O6	y:6	4
O6	2:6	4
66	A	2
66	C	4
66	I	4
66	E	3
66	M	4
66	N	2
66	O	4
66	Q	5
66	S	4
66	T	3
66	U	4
66	V	2
66	Y	4
66	Z	2
66	a	2
66	b	4
66	d	5
66	i	4
66	e	2
66	f	5
66	g	3
66	h	1
66	j	5
66	k	1
66	l	2
66	m	2
66	n	5
66	o	3
66	p	5
66	r	5
66	s	1
66	t	2
66	u	4
66	v	4
66	x	2
66	y	3
66	z	4
66	1	1
66	2	2
66	3	3
66	6	5
66	7	2
66	8	5
66	9	3
66	O6	1
66	66	1
66	96	1
66	2:	2
66	@	3
66	{	3
66	}	3
66	&	1
66	?	5
66	a:	2
66	E:	1
66	e:	5
66	i:	4
66	o:	1
66	u:	5
66	y:	3
66	a~	3
66	aI	2
66	aU	3
66	dZ	1
66	OY	4
66	tS	1
66	ts	3
66	a6	3
66	E6	4
66	i6	1
66	I6	5
66	U6	5
66	u6	1
66	o6	4
66	Y6	4
66	y6	2
66	@6	3
66	a:6	4
66	E:6	1
66	e:6	4
66	i:6	1
66	o:6	4
66	u:6	3
66	y:6	5
66	2:6	2
96	A	1
96	C	4
96	I	1
96	E	2
96	M	4
96	N	4
96	O	3
96	Q	4
96	S	5
96	T	2
96	U	1
96	V	4
96	Y	2
96	Z	3
96	a	3
96	b	4
96	d	2
96	i	1
96	e	1
96	f	1
96	g	1
96	h	2
96	j	4
96	k	2
96	l	3
96	m	1
96	n	3
96	o	1
96	p	4
96	r	2
96	s	4
96	t	2
96	u	2
96	v	4
96	x	2
96	y	1
96	z	2
96	1	3
96	2	4
96	3	4
96	6	4
96	7	5
96	8	2
96	9	2
96	O6	2
96	66	2
96	96	4
96	2:	1
96	@	3
96	{	4
96	}	3
96	&	1
96	?	5
96	a:	1
96	E:	4
96	e:	3
96	i:	2
96	o:	3
96	u:	1
96	y:	2
96	a~	4
96	aI	3
96	aU	2
96	dZ	2
96	OY	4
96	tS	3
96	ts	3
96	a6	1
96	E6	5
96	i6	1
96	I6	4
96	U6	3
96	u6	3
96	o6	1
96	Y6	2
96	y6	3
96	@6	4
96	a:6	3
96	E:6	1
96	e:6	5
96	i:6	3
96	o:6	5
96	u:6	3
96	y:6	5
96	2:6	3
2:	A	5
2:	C	2
2:	I	4
2:	E	3
2:	M	1
2:	N	5
2:	O	1
2:	Q	1
2:	S	5
2:	T	1
2:	U	4
2:	V	2
2:	Y	3
2:	Z	3
2:	a	2
2:	b	1
2:	d	2
2:	i	4
2:	e	4
2:	f	1
2:	g	1
2:	h	3
2:	j	2
2:	k	2
2:	l	5
2:	m	1
2:	n	5
2:	o	1
2:	p	3
2:	r	2
2:	s	2
2:	t	5
2:	u	5
2:	v	3
2:	x	4
2:	y	4
2:	z	3
2:	1	1
2:	2	2
2:	3	3
2:	6	5
2:	7	4
2:	8	4
2:	9	4
2:	O6	1
2:	66	3
2:	96	2
2:	2:	3
2:	@	3
2:	{	1
2:	}	5
2:	&	5
2:	?	5
2:	a:	1
2:	E:	2
2:	e:	5
2:	i:	4
2:	o:	5
2:	u:	4
2:	y:	3
2:	a~	2
2:	aI	2
2:	aU	1
2:	dZ	3
2:	OY	3
2:	tS	2
2:	ts	3
2:	a6	2
2:	E6	3
2:	i6	3
2:	I6	1
2:	U6	1
2:	u6	4
2:	o6	2
2:	Y6	3
2:	y6	2
2:	@6	2
2:	a:6	5
2:	E:6	2
2:	e:6	2
2:	i:6	2
2:	o:6	3
2:	u:6	1
2:	y:6	5
2:	2:6	3
@	A	3
@	C	3
@	I	5
@	E	2
@	M	1
@	N	1
@	O	5
@	Q	1
@	S	1
@	T	3
@	U	2
@	V	1
@	Y	5
@	Z	5
@	a	4
@	b	2
@	d	3
@	i	2
@	e	2
@	f	2
@	g	4
@	h	2
@	j	3
@	k	1
@	l	5
@	m	2
@	n	5
@	o	2
@	p	4
@	r	5
@	s	1
@	t	3
@	u	4
@	v	2
@	x	5
@	y	1
@	z	4
@	1	2
@	2	5
@	3	2
@	6	3
@	7	2
@	8	4
@	9	5
@	O6	2
@	66	3
@	96	1
@	2:	2
@	@	1
@	{	2
@	}	4
@	&	5
@	?	2
@	a:	5
@	E:	2
@	e:	2
@	i:	5
@	o:	5
@	u:	1
@	y:	3
@	a~	1
@	aI	1
@	aU	1
@	dZ	4
@	OY	1
@	tS	4
@	ts	5
@	a6	1
@	E6	5
@	i6	2
@	I6	2
@	U6	4
@	u6	1
@	o6	2
@	Y6	2
@	y6	3
@	@6	3
@	a:6	5
@	E:6	4
@	e:6	4
@	i:6	2
@	o:6	2
@	u:6	3
@	y:6	5
@	2:6	5
{	A	3
{	C	2
{	I	2
{	E	4
{	M	1
{	N	1
{	O	2
{	Q	2
{	S	5
{	T	3
{	U	5
{	V	2
{	Y	3
{	Z	2
{	a	3
{	b	3
{	d	2
{	i	1
{	e	2
{	f	4
{	g	4
{	h	5
{	j	5
{	k	1
{	l	1
{	m	3
{	n	4
{	o	1
{	p	5
{	r	3
{	s	4
{	t	1
{	u	3
{	v	5
{	x	3
{	y	4
{	z	4
{	1	5
{	2	1
{	3	2
{	6	2
{	7	5
{	8	4
{	9	4
{	O6	1
{	66	5
{	96	3
{	2:	3
{	@	3
{	{	2
{	}	2
{	&	5
{	?	3
{	a:	4
{	E:	1
{	e:	5
{	i:	1
{	o:	5
{	u:	3
{	y:	1
{	a~	2
{	aI	4
{	aU	1
{	dZ	2
{	OY	3
{	tS	2
{	ts	2
{	a6	3
{	E6	3
{	i6	1
{	I6	3
{	U6	3
{	u6	5
{	o6	3
{	Y6	3
{	y6	5
{	@6	3
{	a:6	3
{	E:6	4
{	e:6	2
{	i:6	1
{	o:6	1
{	u:6	3
{	y:6	1
{	2:6	3
}	A	3
}	C	3
}	I	5
}	E	3
}	M	5
}	N	3
}	O	1
}	Q	3
}	S	2
}	T	4
}	U	3
}	V	2
}	Y	3
}	Z	1
}	a	4
}	b	5
}	d	5
}	i	4
}	e	3
}	f	5
}	g	4
}	h	2
}	j	4
}	k	1
}	l	5
}	m	4
}	n	4
}	o	1
}	p	3
}	r	3
}	s	3
}	t	1
}	u	3
}	v	4
}	x	3
}	y	2
}	z	1
}	1	2
}	2	4
}	3	5
}	6	4
}	7	1
}	8	1
}	9	2
}	O6	2
}	66	1
}	96	1
}	2:	1
}	@	4
}	{	1
}	}	3
}	&	3
}	?	3
}	a:	3
}	E:	4
}	e:	1
}	i:	1
}	o:	2
}	u:	1
}	y:	2
}	a~	5
}	aI	3
}	aU	2
}	dZ	4
}	OY	5
}	tS	1
}	ts	5
}	a6	4
}	E6	3
}	i6	2
}	I6	2
}	U6	4
}	u6	4
}	o6	1
}	Y6	5
}	y6	1
}	@6	3
}	a:6	5
}	E:6	2
}	e:6	2
}	i:6	5
}	o:6	3
}	u:6	5
}	y:6	3
}	2:6	5
&	A	5
&	C	1
&	I	5
&	E	2
&	M	2
&	N	3
&	O	2
&	Q	2
&	S	1
&	T	1
&	U	5
&	V	4
&	Y	3
&	Z	1
&	a	1
&	b	1
&	d	1
&	i	4
&	e	1
&	f	3
&	g	1
&	h	2
&	j	2
&	k	5
&	l	4
&	m	2
&	n	3
&	o	5
&	p	3
&	r	2
&	s	1
&	t	3
&	u	4
&	v	4
&	x	4
&	y	3
&	z	4
&	1	3
&	2	4
&	3	2
&	6	4
&	7	5
&	8	3
&	9	1
&	O6	4
&	66	2
&	96	1
&	2:	2
&	@	4
&	{	2
&	}	3
&	&	4
&	?	4
&	a:	2
&	E:	5
&	e:	1
&	i:	4
&	o:	4
&	u:	4
&	y:	2
&	a~	3
&	aI	2
&	aU	2
&	dZ	1
&	OY	2
&	tS	1
&	ts	1
&	a6	1
&	E6	3
&	i6	2
&	I6	3
&	U6	2
&	u6	5
&	o6	5
&	Y6	1
&	y6	2
&	@6	3
&	a:6	4
&	E:6	1
&	e:6	1
&	i:6	4
&	o:6	4
&	u:6	3
&	y:6	1
&	2:6	5
?	A	4
?	C	4
?	I	3
?	E	5
?	M	1
?	N	1
?	O	5
?	Q	2
?	S	1
?	T	2
?	U	5
?	V	4
?	Y	1
?	Z	2
?	a	5
?	b	2
?	d	4
?	i	4
?	e	3
?	f	5
?	g	4
?	h	2
?	j	2
?	k	5
?	l	5
?	m	2
?	n	3
?	o	2
?	p	1
?	r	5
?	s	2
?	t	5
?	u	1
?	v	4
?	x	5
?	y	1
?	z	1
?	1	4
?	2	4
?	3	3
?	6	5
?	7	2
?	8	2
?	9	5
?	O6	1
?	66	2
?	96	5
?	2:	1
?	@	4
?	{	3
?	}	2
?	&	2
?	?	2
?	a:	2
?	E:	3
?	e:	4
?	i:	5
?	o:	3
?	u:	3
?	y:	4
?	a~	3
?	aI	1
?	aU	2
?	dZ	5
?	OY	4
?	tS	4
?	ts	3
?	a6	1
?	E6	1
?	i6	4
?	I6	3
?	U6	4
?	u6	3
?	o6	1
?	Y6	1
?	y6	4
?	@6	1
?	a:6	4
?	E:6	3
?	e:6	1
?	i:6	5
?	o:6	5
?	u:6	2
?	y:6	2
?	2:6	5
a:	A	3
a:	C	3
a:	I	2
a:	E	5
a:	M	3
a:	N	4
a:	O	3
a:	Q	4
a:	S	4
a:	T	5
a:	U	3
a:	V	4
a:	Y	3
a:	Z	4
a:	a	5
a:	b	4
a:	d	5
a:	i	2
a:	e	1
a:	f	4
a:	g	3
a:	h	3
a:	j	2
a:	k	4
a:	l	4
a:	m	1
a:	n	2
a:	o	2
a:	p	2
a:	r	4
a:	s	1
a:	t	3
a:	u	4
a:	v	4
a:	x	1
a:	y	2
a:	z	5
a:	1	5
a:	2	3
a:	3	3
a:	6	3
a:	7	1
a:	8	1
a:	9	3
a:	O6	2
a:	66	1
a:	96	1
a:	2:	1
a:	@	2
a:	{	2
a:	}	4
a:	&	2
a:	?	2
a:	a:	2
a:	E:	1
a:	e:	2
a:	i:	3
a:	o:	4
a:	u:	4
a:	y:	2
a:	a~	1
a:	aI	2
a:	aU	2
a:	dZ	3
a:	OY	4
a:	tS	1
a:	ts	4
a:	a6	5
a:	E6	3
a:	i6	4
a:	I6	5
a:	U6	4
a:	u6	3
a:	o6	2
a:	Y6	4
a:	y6	1
a:	@6	1
a:	a:6	5
a:	E:6	3
a:	e:6	1
a:	i:6	3
a:	o:6	3
a:	u:6	2
a:	y:6	3
a:	2:6	3
E:	A	3
E:	C	4
E:	I	2
E:	E	1
E:	M	1
E:	N	2
E:	O	2
E:	Q	4
E:	S	4
E:	T	2
E:	U	5
E:	V	3
E:	Y	3
E:	Z	3
E:	a	1
E:	b	1
E:	d	1
E:	i	1
E:	e	1
E:	f	3
E:	g	2
E:	h	2
E:	j	2
E:	k	4
E:	l	1
E:	m	3
E:	n	2
E:	o	1
E:	p	4
E:	r	5
E:	s	3
E:	t	2
E:	u	1
E:	v	4
E:	x	1
E:	y	1
E:	z	3
E:	1	2
E:	2	3
E:	3	1
E:	6	4
E:	7	5
E:	8	2
E:	9	2
E:	O6	3
E:	66	4
E:	96	3
E:	2:	5
E:	@	5
E:	{	4
E:	}	4
E:	&	4
E:	?	5
E:	a:	1
E:	E:	3
E:	e:	1
E:	i:	3
E:	o:	4
E:	u:	3
E:	y:	4
E:	a~	5
E:	aI	1
E:	aU	4
E:	dZ	4
E:	OY	3
E:	tS	5
E:	ts	5
E:	a6	4
E:	E6	5
E:	i6	5
E:	I6	3
E:	U6	2
E:	u6	4
E:	o6	3
E:	Y6	2
E:	y6	2
E:	@6	3
E:	a:6	5
E:	E:6	3
E:	e:6	1
E:	i:6	2
E:	o:6	4
E:	u:6	2
E:	y:6	3
E:	2:6	5
e:	A	4
e:	C	1
e:	I	5
e:	E	1
e:	M	5
e:	N	4
e:	O	5
e:	Q	4
e:	S	5
e:	T	3
e:	U	1
e:	V	4
e:	Y	3
e:	Z	4
e:	a	3
e:	b	5
e:	d	3
e:	i	3
e:	e	2
e:	f	5
e:	g	4
e:	h	3
e:	j	3
e:	k	5
e:	l	2
e:	m	5
e:	n	2
e:	o	1
e:	p	3
e:	r	2
e:	s	1
e:	t	1
e:	u	5
e:	v	1
e:	x	2
e:	y	3
e:	z	4
e:	1	2
e:	2	5
e:	3	1
e:	6	3
e:	7	3
e:	8	3
e:	9	5
e:	O6	4
e:	66	5
e:	96	4
e:	2:	4
e:	@	2
e:	{	4
e:	}	2
e:	&	5
e:	?	3
e:	a:	1
e:	E:	2
e:	e:	3
e:	i:	4
e:	o:	3
e:	u:	1
e:	y:	5
e:	a~	4
e:	aI	5
e:	aU	2
e:	dZ	5
e:	OY	4
e:	tS	3
e:	ts	1
e:	a6	5
e:	E6	4
e:	i6	4
e:	I6	1
e:	U6	2
e:	u6	1
e:	o6	1
e:	Y6	2
e:	y6	2
e:	@6	5
e:	a:6	2
e:	E:6	2
e:	e:6	5
e:	i:6	2
e:	o:6	4
e:	u:6	1
e:	y:6	4
e:	2:6	1
i:	A	3
i:	C	2
i:	I	5
i:	E	2
i:	M	1
i:	N	5
i:	O	5
i:	Q	3
i:	S	3
i:	T	3
i:	U	1
i:	V	2
i:	Y	1
i:	Z	5
i:	a	4
i:	b	2
i:	d	2
i:	i	4
i:	e	1
i:	f	1
i:	g	3
i:	h	3
i:	j	1
i:	k	1
i:	l	2
i:	m	5
i:	n	2
i:	o	1
i:	p	5
i:	r	4
i:	s	5
i:	t	4
i:	u	4
i:	v	5
i:	x	2
i:	y	3
i:	z	2
i:	1	3
i:	2	1
i:	3	3
i:	6	1
i:	7	5
i:	8	1
i:	9	3
i:	O6	2
i:	66	5
i:	96	3
i:	2:	4
i:	@	1
i:	{	2
i:	}	4
i:	&	3
i:	?	1
i:	a:	5
i:	E:	2
i:	e:	1
i:	i:	4
i:	o:	2
i:	u:	4
i:	y:	1
i:	a~	2
i:	aI	3
i:	aU	1
i:	dZ	2
i:	OY	3
i:	tS	1
i:	ts	5
i:	a6	5
i:	E6	4
i:	i6	5
i:	I6	4
i:	U6	3
i:	u6	2
i:	o6	1
i:	Y6	1
i:	y6	4
i:	@6	3
i:	a:6	3
i:	E:6	1
i:	e:6	2
i:	i:6	4
i:	o:6	5
i:	u:6	5
i:	y:6	2
i:	2:6	5
o:	A	4
o:	C	1
o:	I	4
o:	E	1
o:	M	5
o:	N	4
o:	O	5
o:	Q	5
o:	S	2
o:	T	5
o:	U	4
o:	V	1
o:	Y	2
o:	Z	3
o:	a	2
o:	b	1
o:	d	1
o:	i	5
o:	e	4
o:	f	3
o:	g	3
o:	h	2
o:	j	4
o:	k	4
o:	l	1
o:	m	2
o:	n	4
o:	o	4
o:	p	4
o:	r	5
o:	s	5
o:	t	3
o:	u	4
o:	v	2
o:	x	3
o:	y	5
o:	z	1
o:	1	5
o:	2	1
o:	3	4
o:	6	2
o:	7	4
o:	8	4
o:	9	3
o:	O6	1
o:	66	1
o:	96	4
o:	2:	3
o:	@	2
o:	{	3
o:	}	4
o:	&	5
o:	?	4
o:	a:	4
o:	E:	4
o:	e:	4
o:	i:	1
o:	o:	1
o:	u:	2
o:	y:	4
o:	a~	1
o:	aI	2
o:	aU	5
o:	dZ	5
o:	OY	4
o:	tS	2
o:	ts	3
o:	a6	2
o:	E6	5
o:	i6	2
o:	I6	5
o:	U6	3
o:	u6	2
o:	o6	4
o:	Y6	4
o:	y6	5
o:	@6	3
o:	a:6	2
o:	E:6	2
o:	e:6	1
o:	i:6	1
o:	o:6	3
o:	u:6	2
o:	y:6	5
o:	2:6	2
u:	A	2
u:	C	3
u:	I	4
u:	E	5
u:	M	3
u:	N	3
u:	O	1
u:	Q	1
u:	S	2
u:	T	3
u:	U	4
u:	V	1
u:	Y	1
u:	Z	2
u:	a	3
u:	b	3
u:	d	1
u:	i	5
u:	e	5
u:	f	5
u:	g	3
u:	h	4
u:	j	5
u:	k	3
u:	l	5
u:	m	4
u:	n	1
u:	o	2
u:	p	3
u:	r	4
u:	s	2
u:	t	1
u:	u	1
u:	v	1
u:	x	2
u:	y	3
u:	z	1
u:	1	5
u:	2	4
u:	3	3
u:	6	1
u:	7	1
u:	8	1
u:	9	5
u:	O6	5
u:	66	5
u:	96	5
u:	2:	3
u:	@	1
u:	{	1
u:	}	3
u:	&	1
u:	?	3
u:	a:	2
u:	E:	2
u:	e:	1
u:	i:	1
u:	o:	1
u:	u:	4
u:	y:	4
u:	a~	5
u:	aI	1
u:	aU	5
u:	dZ	5
u:	OY	3
u:	tS	2
u:	ts	4
u:	a6	1
u:	E6	5
u:	i6	1
u:	I6	5
u:	U6	4
u:	u6	4
u:	o6	4
u:	Y6	5
u:	y6	1
u:	@6	3
u:	a:6	1
u:	E:6	2
u:	e:6	4
u:	i:6	4
u:	o:6	1
u:	u:6	1
u:	y:6	2
u:	2:6	3
y:	A	3
y:	C	5
y:	I	4
y:	E	1
y:	M	3
y:	N	5
y:	O	2
y:	Q	1
y:	S	4
y:	T	2
y:	U	4
y:	V	2
y:	Y	1
y:	Z	1
y:	a	3
y:	b	5
y:	d	5
y:	i	1
y:	e	5
y:	f	5
y:	g	5
y:	h	5
y:	j	5
y:	k	3
y:	l	2
y:	m	1
y:	n	1
y:	o	4
y:	p	2
y:	r	3
y:	s	1
y:	t	1
y:	u	1
y:	v	3
y:	x	2
y:	y	5
y:	z	5
y:	1	3
y:	2	5
y:	3	5
y:	6	1
y:	7	5
y:	8	3
y:	9	5
y:	O6	3
y:	66	2
y:	96	3
y:	2:	3
y:	@	2
y:	{	5
y:	}	2
y:	&	4
y:	?	4
y:	a:	3
y:	E:	1
y:	e:	2
y:	i:	3
y:	o:	2
y:	u:	2
y:	y:	1
y:	a~	3
y:	aI	2
y:	aU	1
y:	dZ	1
y:	OY	5
y:	tS	3
y:	ts	3
y:	a6	1
y:	E6	3
y:	i6	5
y:	I6	5
y:	U6	1
y:	u6	1
y:	o6	4
y:	Y6	1
y:	y6	3
y:	@6	2
y:	a:6	2
y:	E:6	4
y:	e:6	1
y:	i:6	5
y:	o:6	3
y:	u:6	5
y:	y:6	2
y:	2:6	1
a~	A	3
a~	C	4
a~	I	2
a~	E	1
a~	M	5
a~	N	3
a~	O	5
a~	Q	4
a~	S	5
a~	T	5
a~	U	1
a~	V	1
a~	Y	2
a~	Z	1
a~	a	3
a~	b	4
a~	d	4
a~	i	2
a~	e	5
a~	f	2
a~	g	3
a~	h	2
a~	j	3
a~	k	4
a~	l	4
a~	m	4
a~	n	5
a~	o	5
a~	p	5
a~	r	5
a~	s	3
a~	t	1
a~	u	1
a~	v	3
a~	x	3
a~	y	5
a~	z	5
a~	1	1
a~	2	3
a~	3	4
a~	6	5
a~	7	3
a~	8	3
a~	9	2
a~	O6	4
a~	66	4
a~	96	2
a~	2:	3
a~	@	1
a~	{	2
a~	}	4
a~	&	5
a~	?	1
a~	a:	3
a~	E:	2
a~	e:	3
a~	i:	5
a~	o:	3
a~	u:	2
a~	y:	3
a~	a~	5
a~	aI	1
a~	aU	1
a~	dZ	1
a~	OY	1
a~	tS	4
a~	ts	5
a~	a6	5
a~	E6	3
a~	i6	1
a~	I6	4
a~	U6	2
a~	u6	3
a~	o6	3
a~	Y6	4
a~	y6	3
a~	@6	4
a~	a:6	5
a~	E:6	4
a~	e:6	5
a~	i:6	2
a~	o:6	1
a~	u:6	3
a~	y:6	3
a~	2:6	2
aI	A	2
aI	C	5
aI	I	5
aI	E	3
aI	M	4
aI	N	2
aI	O	3
aI	Q	4
aI	S	5
aI	T	2
aI	U	2
aI	V	1
aI	Y	1
aI	Z	2
aI	a	1
aI	b	5
aI	d	1
aI	i	5
aI	e	3
aI	f	4
aI	g	2
aI	h	5
aI	j	4
aI	k	1
aI	l	2
aI	m	2
aI	n	2
aI	o	3
aI	p	2
aI	r	2
aI	s	1
aI	t	5
aI	u	1
aI	v	4
aI	x	1
aI	y	3
aI	z	3
aI	1	1
aI	2	5
aI	3	3
aI	6	4
aI	7	5
aI	8	1
aI	9	4
aI	O6	2
aI	66	4
aI	96	1
aI	2:	2
aI	@	4
aI	{	1
aI	}	4
aI	&	5
aI	?	2
aI	a:	1
aI	E:	5
aI	e:	5
aI	i:	1
aI	o:	4
aI	u:	2
aI	y:	3
aI	a~	2
aI	aI	4
aI	aU	5
aI	dZ	5
aI	OY	4
aI	tS	4
aI	ts	1
aI	a6	3
aI	E6	2
aI	i6	5
aI	I6	5
aI	U6	5
aI	u6	4
aI	o6	5
aI	Y6	2
aI	y6	3
aI	@6	5
aI	a:6	4
aI	E:6	1
aI	e:6	2
aI	i:6	2
aI	o:6	4
aI	u:6	4
aI	y:6	5
aI	2:6	3
aU	A	4
aU	C	3
aU	I	3
aU	E	4
aU	M	5
aU	N	2
aU	O	3
aU	Q	5
aU	S	2
aU	T	4
aU	U	2
aU	V	3
aU	Y	3
aU	Z	5
aU	a	4
aU	b	3
aU	d	2
aU	i	3
aU	e	3
aU	f	1
aU	g	3
aU	h	3
aU	j	1
aU	k	1
aU	l	5
aU	m	3
aU	n	5
aU	o	1
aU	p	2
aU	r	2
aU	s	2
aU	t	1
aU	u	5
aU	v	5
aU	x	1
aU	y	5
aU	z	3
aU	1	3
aU	2	3
aU	3	4
aU	6	1
aU	7	1
aU	8	1
aU	9	3
aU	O6	3
aU	66	5
aU	96	1
aU	2:	2
aU	@	5
aU	{	2
aU	}	5
aU	&	2
aU	?	2
aU	a:	3
aU	E:	5
aU	e:	2
aU	i:	3
aU	o:	5
aU	u:	4
aU	y:	1
aU	a~	4
aU	aI	2
aU	aU	5
aU	dZ	2
aU	OY	2
aU	tS	1
aU	ts	5
aU	a6	5
aU	E6	1
aU	i6	4
aU	I6	3
aU	U6	4
aU	u6	2
aU	o6	5
aU	Y6	2
aU	y6	3
aU	@6	1
aU	a:6	4
aU	E:6	2
aU	e:6	4
aU	i:6	4
aU	o:6	4
aU	u:6	2
aU	y:6	2
aU	2:6	5
dZ	A	2
dZ	C	2
dZ	I	1
dZ	E	4
dZ	M	3
dZ	N	3
dZ	O	4
dZ	Q	4
dZ	S	3
dZ	T	2
dZ	U	2
dZ	V	2
dZ	Y	2
dZ	Z	2
dZ	a	5
dZ	b	2
dZ	d	3
dZ	i	2
dZ	e	5
dZ	f	5
dZ	g	1
dZ	h	1
dZ	j	2
dZ	k	4
dZ	l	4
dZ	m	3
dZ	n	4
dZ	o	3
dZ	p	3
dZ	r	5
dZ	s	1
dZ	t	4
dZ	u	3
dZ	v	3
dZ	x	3
dZ	y	4
dZ	z	5
dZ	1	3
dZ	2	1
dZ	3	2
dZ	6	4
dZ	7	3
dZ	8	4
dZ	9	3
dZ	O6	1
dZ	66	4
dZ	96	1
dZ	2:	2
dZ	@	1
dZ	{	4
dZ	}	4
dZ	&	3
dZ	?	3
dZ	a:	1
dZ	E:	1
dZ	e:	5
dZ	i:	3
dZ	o:	5
dZ	u:	2
dZ	y:	5
dZ	a~	4
dZ	aI	4
dZ	aU	2
dZ	dZ	1
dZ	OY	1
dZ	tS	1
dZ	ts	2
dZ	a6	5
dZ	E6	2
dZ	i6	3
dZ	I6	3
dZ	U6	4
dZ	u6	2
dZ	o6	1
dZ	Y6	2
dZ	y6	1
dZ	@6	2
dZ	a:6	1
dZ	E:6	1
dZ	e:6	4
dZ	i:6	5
dZ	o:6	5
dZ	u:6	1
dZ	y:6	1
dZ	2:6	4
OY	A	5
OY	C	2
OY	I	5
OY	E	4
OY	M	1
OY	N	1
OY	O	3
OY	Q	3
OY	S	4
OY	T	1
OY	U	3
OY	V	4
OY	Y	5
OY	Z	4
OY	a	1
OY	b	2
OY	d	2
OY	i	5
OY	e	4
OY	f	2
OY	g	5
OY	h	4
OY	j	4
OY	k	4
OY	l	2
OY	m	1
OY	n	2
OY	o	1
OY	p	4
OY	r	1
OY	s	1
OY	t	4
OY	u	1
OY	v	4
OY	x	4
OY	y	2
OY	z	4
OY	1	2
OY	2	3
OY	3	5
OY	6	1
OY	7	4
OY	8	1
OY	9	2
OY	O6	4
OY	66	1
OY	96	2
OY	2:	4
OY	@	2
OY	{	2
OY	}	3
OY	&	2
OY	?	2
OY	a:	2
OY	E:	1
OY	e:	4
OY	i:	1
OY	o:	4
OY	u:	5
OY	y:	3
OY	a~	1
OY	aI	4
OY	aU	1
OY	dZ	3
OY	OY	2
OY	tS	3
OY	ts	3
OY	a6	5
OY	E6	4
OY	i6	5
OY	I6	3
OY	U6	5
OY	u6	3
OY	o6	4
OY	Y6	5
OY	y6	1
OY	@6	5
OY	a:6	3
OY	E:6	2
OY	e:6	4
OY	i:6	1
OY	o:6	4
OY	u:6	5
OY	y:6	4
OY	2:6	1
tS	A	4
tS	C	1
tS	I	2
tS	E	1
tS	M	1
tS	N	1
tS	O	3
tS	Q	5
tS	S	4
tS	T	2
tS	U	2
tS	V	3
tS	Y	1
tS	Z	5
tS	a	4
tS	b	2
tS	d	2
tS	i	1
tS	e	5
tS	f	1
tS	g	1
tS	h	3
tS	j	2
tS	k	3
tS	l	3
tS	m	4
tS	n	5
tS	o	2
tS	p	3
tS	r	2
tS	s	1
tS	t	3
tS	u	5
tS	v	5
tS	x	1
tS	y	5
tS	z	5
tS	1	5
tS	2	2
tS	3	2
tS	6	3
tS	7	2
tS	8	4
tS	9	4
tS	O6	1
tS	66	4
tS	96	3
tS	2:	2
tS	@	4
tS	{	3
tS	}	1
tS	&	3
tS	?	4
tS	a:	1
tS	E:	2
tS	e:	1
tS	i:	1
tS	o:	1
tS	u:	5
tS	y:	4
tS	a~	5
tS	aI	4
tS	aU	3
tS	dZ	1
tS	OY	3
tS	tS	1
tS	ts	1
tS	a6	4
tS	E6	1
tS	i6	4
tS	I6	2
tS	U6	1
tS	u6	4
tS	o6	5
tS	Y6	4
tS	y6	4
tS	@6	2
tS	a:6	1
tS	E:6	5
tS	e:6	3
tS	i:6	3
tS	o:6	2
tS	u:6	2
tS	y:6	4
tS	2:6	2
ts	A	2
ts	C	5
ts	I	2
ts	E	4
ts	M	4
ts	N	2
ts	O	4
ts	Q	4
ts	S	3
ts	T	2
ts	U	4
ts	V	4
ts	Y	2
ts	Z	2
ts	a	3
ts	b	3
ts	d	5
ts	i	5
ts	e	5
ts	f	3
ts	g	5
ts	h	1
ts	j	3
ts	k	3
ts	l	4
ts	m	2
ts	n	1
ts	o	2
ts	p	2
ts	r	1
ts	s	5
ts	t	5
ts	u	5
ts	v	4
ts	x	4
ts	y	1
ts	z	3
ts	1	3
ts	2	3
ts	3	5
ts	6	5
ts	7	3
ts	8	2
ts	9	4
ts	O6	3
ts	66	4
ts	96	3
ts	2:	4
ts	@	1
ts	{	1
ts	}	1
ts	&	5
ts	?	5
ts	a:	5
ts	E:	1
ts	e:	4
ts	i:	5
ts	o:	3
ts	u:	1
ts	y:	4
ts	a~	4
ts	aI	4
ts	aU	1
ts	dZ	5
ts	OY	3
ts	tS	5
ts	ts	5
ts	a6	4
ts	E6	2
ts	i6	3
ts	I6	4
ts	U6	1
ts	u6	5
ts	o6	1
ts	Y6	5
ts	y6	4
ts	@6	4
ts	a:6	5
ts	E:6	4
ts	e:6	2
ts	i:6	4
ts	o:6	4
ts	u:6	1
ts	y:6	5
ts	2:6	2
a6	A	4
a6	C	1
a6	I	5
a6	E	5
a6	M	2
a6	N	3
a6	O	2
a6	Q	1
a6	S	5
a6	T	2
a6	U	1
a6	V	4
a6	Y	5
a6	Z	1
a6	a	1
a6	b	2
a6	d	1
a6	i	4
a6	e	4
a6	f	4
a6	g	4
a6	h	3
a6	j	3
a6	k	4
a6	l	5
a6	m	4
a6	n	2
a6	o	1
a6	p	3
a6	r	3
a6	s	4
a6	t	2
a6	u	1
a6	v	3
a6	x	4
a6	y	4
a6	z	1
a6	1	5
a6	2	3
a6	3	2
a6	6	1
a6	7	3
a6	8	2
a6	9	4
a6	O6	2
a6	66	1
a6	96	3
a6	2:	3
a6	@	2
a6	{	5
a6	}	4
a6	&	5
a6	?	2
a6	a:	2
a6	E:	5
a6	e:	2
a6	i:	5
a6	o:	4
a6	u:	2
a6	y:	1
a6	a~	1
a6	aI	1
a6	aU	3
a6	dZ	2
a6	OY	1
a6	tS	1
a6	ts	4
a6	a6	2
a6	E6	2
a6	i6	4
a6	I6	4
a6	U6	1
a6	u6	1
a6	o6	2
a6	Y6	5
a6	y6	3
a6	@6	3
a6	a:6	2
a6	E:6	3
a6	e:6	5
a6	i:6	2
a6	o:6	3
a6	u:6	4
a6	y:6	5
a6	2:6	1
E6	A	3
E6	C	5
E6	I	2
E6	E	2
E6	M	1
E6	N	1
E6	O	1
E6	Q	5
E6	S	4
E6	T	5
E6	U	5
E6	V	2
E6	Y	3
E6	Z	2
E6	a	1
E6	b	2
E6	d	5
E6	i	5
E6	e	1
E6	f	3
E6	g	4
E6	h	3
E6	j	4
E6	k	4
E6	l	1
E6	m	2
E6	n	5
E6	o	1
E6	p	2
E6	r	5
E6	s	5
E6	t	2
E6	u	1
E6	v	2
E6	x	4
E6	y	2
E6	z	5
E6	1	3
E6	2	3
E6	3	2
E6	6	4
E6	7	2
E6	8	3
E6	9	2
E6	O6	2
E6	66	1
E6	96	4
E6	2:	4
E6	@	1
E6	{	1
E6	}	5
E6	&	1
E6	?	1
E6	a:	5
E6	E:	2
E6	e:	5
E6	i:	2
E6	o:	3
E6	u:	1
E6	y:	3
E6	a~	5
E6	aI	5
E6	aU	3
E6	dZ	5
E6	OY	3
E6	tS	3
E6	ts	1
E6	a6	3
E6	E6	1
E6	i6	2
E6	I6	2
E6	U6	4
E6	u6	5
E6	o6	1
E6	Y6	4
E6	y6	3
E6	@6	4
E6	a:6	4
E6	E:6	3
E6	e:6	4
E6	i:6	2
E6	o:6	5
E6	u:6	1
E6	y:6	4
E6	2:6	3
i6	A	3
i6	C	3
i6	I	1
i6	E	1
i6	M	2
i6	N	5
i6	O	2
i6	Q	4
i6	S	1
i6	T	1
i6	U	5
i6	V	4
i6	Y	5
i6	Z	4
i6	a	3
i6	b	1
i6	d	4
i6	i	2
i6	e	5
i6	f	2
i6	g	5
i6	h	4
i6	j	1
i6	k	2
i6	l	5
i6	m	3
i6	n	5
i6	o	1
i6	p	3
i6	r	3
i6	s	4
i6	t	3
i6	u	2
i6	v	5
i6	x	4
i6	y	2
i6	z	1
i6	1	5
i6	2	3
i6	3	1
i6	6	2
i6	7	3
i6	8	2
i6	9	2
i6	O6	2
i6	66	1
i6	96	2
i6	2:	5
i6	@	4
i6	{	4
i6	}	5
i6	&	4
i6	?	2
i6	a:	4
i6	E:	5
i6	e:	2
i6	i:	4
i6	o:	2
i6	u:	3
i6	y:	4
i6	a~	1
i6	aI	4
i6	aU	2
i6	dZ	2
i6	OY	2
i6	tS	5
i6	ts	2
i6	a6	5
i6	E6	2
i6	i6	5
i6	I6	2
i6	U6	3
i6	u6	4
i6	o6	3
i6	Y6	4
i6	y6	2
i6	@6	4
i6	a:6	5
i6	E:6	1
i6	e:6	5
i6	i:6	5
i6	o:6	4
i6	u:6	1
i6	y:6	4
i6	2:6	5
I6	A	1
I6	C	2
I6	I	4
I6	E	2
I6	M	1
I6	N	4
I6	O	5
I6	Q	4
I6	S	5
I6	T	2
I6	U	4
I6	V	2
I6	Y	2
I6	Z	1
I6	a	4
I6	b	5
I6	d	1
I6	i	1
I6	e	4
I6	f	1
I6	g	4
I6	h	1
I6	j	5
I6	k	1
I6	l	1
I6	m	1
I6	n	1
I6	o	1
I6	p	2
I6	r	5
I6	s	3
I6	t	4
I6	u	4
I6	v	1
I6	x	2
I6	y	2
I6	z	3
I6	1	5
I6	2	2
I6	3	5
I6	6	4
I6	7	4
I6	8	4
I6	9	5
I6	O6	1
I6	66	5
I6	96	3
I6	2:	1
I6	@	1
I6	{	2
I6	}	1
I6	&	1
I6	?	1
I6	a:	5
I6	E:	1
I6	e:	2
I6	i:	4
I6	o:	5
I6	u:	5
I6	y:	1
I6	a~	5
I6	aI	5
I6	aU	2
I6	dZ	4
I6	OY	1
I6	tS	5
I6	ts	4
I6	a6	3
I6	E6	1
I6	i6	2
I6	I6	4
I6	U6	5
I6	u6	5
I6	o6	2
I6	Y6	5
I6	y6	2
I6	@6	4
I6	a:6	4
I6	E:6	4
I6	e:6	1
I6	i:6	4
I6	o:6	1
I6	u:6	4
I6	y:6	3
I6	2:6	2
U6	A	1
U6	C	2
U6	I	1
U6	E	4
U6	M	2
U6	N	2
U6	O	1
U6	Q	4
U6	S	2
U6	T	1
U6	U	1
U6	V	5
U6	Y	3
U6	Z	4
U6	a	2
U6	b	3
U6	d	1
U6	i	3
U6	e	2
U6	f	3
U6	g	3
U6	h	3
U6	j	2
U6	k	2
U6	l	4
U6	m	5
U6	n	2
U6	o	2
U6	p	2
U6	r	2
U6	s	2
U6	t	2
U6	u	2
U6	v	4
U6	x	1
U6	y	3
U6	z	1
U6	1	4
U6	2	1
U6	3	5
U6	6	3
U6	7	2
U6	8	4
U6	9	1
U6	O6	1
U6	66	5
U6	96	4
U6	2:	3
U6	@	4
U6	{	2
U6	}	1
U6	&	4
U6	?	3
U6	a:	3
U6	E:	2
U6	e:	2
U6	i:	2
U6	o:	4
U6	u:	1
U6	y:	4
U6	a~	1
U6	aI	1
U6	aU	5
U6	dZ	1
U6	OY	4
U6	tS	1
U6	ts	5
U6	a6	3
U6	E6	3
U6	i6	3
U6	I6	2
U6	U6	5
U6	u6	2
U6	o6	3
U6	Y6	4
U6	y6	4
U6	@6	4
U6	a:6	3
U6	E:6	4
U6	e:6	3
U6	i:6	5
U6	o:6	3
U6	u:6	3
U6	y:6	4
U6	2:6	2
u6	A	2
u6	C	5
u6	I	5
u6	E	3
u6	M	2
u6	N	5
u6	O	5
u6	Q	5
u6	S	2
u6	T	5
u6	U	4
u6	V	4
u6	Y	2
u6	Z	5
u6	a	1
u6	b	3
u6	d	5
u6	i	4
u6	e	2
u6	f	2
u6	g	3
u6	h	5
u6	j	4
u6	k	2
u6	l	3
u6	m	3
u6	n	3
u6	o	4
u6	p	5
u6	r	5
u6	s	1
u6	t	2
u6	u	4
u6	v	1
u6	x	1
u6	y	3
u6	z	1
u6	1	3
u6	2	4
u6	3	4
u6	6	1
u6	7	2
u6	8	2
u6	9	5
u6	O6	2
u6	66	3
u6	96	1
u6	2:	1
u6	@	1
u6	{	4
u6	}	3
u6	&	5
u6	?	2
u6	a:	4
u6	E:	2
u6	e:	5
u6	i:	4
u6	o:	3
u6	u:	2
u6	y:	4
u6	a~	5
u6	aI	2
u6	aU	3
u6	dZ	3
u6	OY	5
u6	tS	2
u6	ts	5
u6	a6	2
u6	E6	5
u6	i6	5
u6	I6	1
u6	U6	4
u6	u6	4
u6	o6	1
u6	Y6	4
u6	y6	5
u6	@6	2
u6	a:6	4
u6	E:6	4
u6	e:6	3
u6	i:6	4
u6	o:6	1
u6	u:6	2
u6	y:6	2
u6	2:6	3
o6	A	5
o6	C	3
o6	I	5
o6	E	4
o6	M	3
o6	N	3
o6	O	5
o6	Q	4
o6	S	4
o6	T	2
o6	U	4
o6	V	4
o6	Y	5
o6	Z	1
o6	a	5
o6	b	2
o6	d	4
o6	i	4
o6	e	5
o6	f	5
o6	g	1
o6	h	3
o6	j	4
o6	k	4
o6	l	2
o6	m	1
o6	n	5
o6	o	2
o6	p	5
o6	r	1
o6	s	5
o6	t	1
o6	u	2
o6	v	1
o6	x	1
o6	y	2
o6	z	1
o6	1	1
o6	2	2
o6	3	1
o6	6	1
o6	7	1
o6	8	3
o6	9	4
o6	O6	2
o6	66	2
o6	96	1
o6	2:	3
o6	@	3
o6	{	4
o6	}	2
o6	&	2
o6	?	2
o6	a:	5
o6	E:	4
o6	e:	1
o6	i:	2
o6	o:	3
o6	u:	4
o6	y:	5
o6	a~	2
o6	aI	2
o6	aU	1
o6	dZ	1
o6	OY	5
o6	tS	3
o6	ts	3
o6	a6	2
o6	E6	2
o6	i6	2
o6	I6	5
o6	U6	2
o6	u6	4
o6	o6	1
o6	Y6	3
o6	y6	3
o6	@6	5
o6	a:6	1
o6	E:6	4
o6	e:6	2
o6	i:6	4
o6	o:6	5
o6	u:6	2
o6	y:6	4
o6	2:6	1
Y6	A	1
Y6	C	3
Y6	I	2
Y6	E	4
Y6	M	3
Y6	N	4
Y6	O	5
Y6	Q	2
Y6	S	4
Y6	T	1
Y6	U	2
Y6	V	3
Y6	Y	3
Y6	Z	4
Y6	a	4
Y6	b	1
Y6	d	1
Y6	i	1
Y6	e	1
Y6	f	3
Y6	g	1
Y6	h	3
Y6	j	2
Y6	k	3
Y6	l	5
Y6	m	3
Y6	n	3
Y6	o	1
Y6	p	2
Y6	r	5
Y6	s	3
Y6	t	2
Y6	u	1
Y6	v	3
Y6	x	2
Y6	y	4
Y6	z	5
Y6	1	3
Y6	2	1
Y6	3	1
Y6	6	2
Y6	7	3
Y6	8	3
Y6	9	2
Y6	O6	1
Y6	66	1
Y6	96	1
Y6	2:	2
Y6	@	5
Y6	{	2
Y6	}	4
Y6	&	1
Y6	?	4
Y6	a:	3
Y6	E:	4
Y6	e:	3
Y6	i:	1
Y6	o:	3
Y6	u:	5
Y6	y:	5
Y6	a~	3
Y6	aI	4
Y6	aU	2
Y6	dZ	1
Y6	OY	4
Y6	tS	1
Y6	ts	4
Y6	a6	1
Y6	E6	3
Y6	i6	1
Y6	I6	3
Y6	U6	5
Y6	u6	4
Y6	o6	5
Y6	Y6	3
Y6	y6	5
Y6	@6	4
Y6	a:6	3
Y6	E:6	1
Y6	e:6	4
Y6	i:6	4
Y6	o:6	1
Y6	u:6	2
Y6	y:6	1
Y6	2:6	1
y6	A	3
y6	C	4
y6	I	4
y6	E	4
y6	M	2
y6	N	5
y6	O	1
y6	Q	4
y6	S	5
y6	T	2
y6	U	3
y6	V	4
y6	Y	5
y6	Z	5
y6	a	1
y6	b	2
y6	d	1
y6	i	2
y6	e	2
y6	f	5
y6	g	3
y6	h	1
y6	j	4
y6	k	5
y6	l	1
y6	m	4
y6	n	4
y6	o	4
y6	p	2
y6	r	1
y6	s	2
y6	t	3
y6	u	4
y6	v	3
y6	x	5
y6	y	4
y6	z	5
y6	1	2
y6	2	1
y6	3	2
y6	6	3
y6	7	1
y6	8	3
y6	9	2
y6	O6	4
y6	66	4
y6	96	5
y6	2:	2
y6	@	1
y6	{	5
y6	}	2
y6	&	3
y6	?	2
y6	a:	1
y6	E:	1
y6	e:	2
y6	i:	1
y6	o:	4
y6	u:	5
y6	y:	3
y6	a~	4
y6	aI	2
y6	aU	5
y6	dZ	3
y6	OY	1
y6	tS	4
y6	ts	5
y6	a6	5
y6	E6	2
y6	i6	5
y6	I6	5
y6	U6	4
y6	u6	4
y6	o6	3
y6	Y6	3
y6	y6	4
y6	@6	1
y6	a:6	4
y6	E:6	1
y6	e:6	2
y6	i:6	4
y6	o:6	3
y6	u:6	5
y6	y:6	4
y6	2:6	4
@6	A	3
@6	C	3
@6	I	4
@6	E	2
@6	M	5
@6	N	5
@6	O	2
@6	Q	4
@6	S	5
@6	T	5
@6	U	2
@6	V	1
@6	Y	1
@6	Z	3
@6	a	3
@6	b	4
@6	d	5
@6	i	1
@6	e	5
@6	f	1
@6	g	3
@6	h	2
@6	j	2
@6	k	5
@6	l	3
@6	m	3
@6	n	2
@6	o	3
@6	p	2
@6	r	4
@6	s	1
@6	t	4
@6	u	1
@6	v	2
@6	x	4
@6	y	2
@6	z	3
@6	1	1
@6	2	2
@6	3	5
@6	6	2
@6	7	5
@6	8	2
@6	9	4
@6	O6	1
@6	66	1
@6	96	3
@6	2:	1
@6	@	4
@6	{	3
@6	}	1
@6	&	3
@6	?	4
@6	a:	5
@6	E:	4
@6	e:	1
@6	i:	4
@6	o:	5
@6	u:	5
@6	y:	2
@6	a~	1
@6	aI	5
@6	aU	2
@6	dZ	1
@6	OY	5
@6	tS	2
@6	ts	4
@6	a6	1
@6	E6	4
@6	i6	1
@6	I6	2
@6	U6	5
@6	u6	4
@6	o6	2
@6	Y6	4
@6	y6	4
@6	@6	4
@6	a:6	3
@6	E:6	4
@6	e:6	1
@6	i:6	5
@6	o:6	3
@6	u:6	2
@6	y:6	5
@6	2:6	4
a:6	A	3
a:6	C	2
a:6	I	4
a:6	E	5
a:6	M	2
a:6	N	5
a:6	O	2
a:6	Q	3
a:6	S	3
a:6	T	3
a:6	U	4
a:6	V	1
a:6	Y	4
a:6	Z	3
a:6	a	5
a:6	b	3
a:6	d	5
a:6	i	1
a:6	e	1
a:6	f	4
a:6	g	3
a:6	h	5
a:6	j	1
a:6	k	5
a:6	l	1
a:6	m	3
a:6	n	5
a:6	o	5
a:6	p	5
a:6	r	3
a:6	s	1
a:6	t	1
a:6	u	4
a:6	v	5
a:6	x	4
a:6	y	1
a:6	z	1
a:6	1	1
a:6	2	2
a:6	3	1
a:6	6	4
a:6	7	3
a:6	8	2
a:6	9	4
a:6	O6	3
a:6	66	2
a:6	96	3
a:6	2:	5
a:6	@	5
a:6	{	5
a:6	}	3
a:6	&	3
a:6	?	2
a:6	a:	2
a:6	E:	5
a:6	e:	2
a:6	i:	4
a:6	o:	4
a:6	u:	5
a:6	y:	1
a:6	a~	4
a:6	aI	1
a:6	aU	4
a:6	dZ	5
a:6	OY	2
a:6	tS	2
a:6	ts	2
a:6	a6	3
a:6	E6	4
a:6	i6	1
a:6	I6	4
a:6	U6	4
a:6	u6	1
a:6	o6	2
a:6	Y6	1
a:6	y6	2
a:6	@6	2
a:6	a:6	5
a:6	E:6	5
a:6	e:6	2
a:6	i:6	1
a:6	o:6	5
a:6	u:6	2
a:6	y:6	3
a:6	2:6	2
E:6	A	1
E:6	C	3
E:6	I	5
E:6	E	3
E:6	M	5
E:6	N	1
E:6	O	1
E:6	Q	3
E:6	S	3
E:6	T	5
E:6	U	3
E:6	V	4
E:6	Y	2
E:6	Z	2
E:6	a	2
E:6	b	5
E:6	d	1
E:6	i	2
E:6	e	5
E:6	f	5
E:6	g	4
E:6	h	5
E:6	j	4
E:6	k	1
E:6	l	5
E:6	m	3
E:6	n	3
E:6	o	4
E:6	p	2
E:6	r	4
E:6	s	5
E:6	t	3
E:6	u	2
E:6	v	2
E:6	x	1
E:6	y	4
E:6	z	1
E:6	1	1
E:6	2	4
E:6	3	1
E:6	6	1
E:6	7	3
E:6	8	2
E:6	9	2
E:6	O6	1
E:6	66	5
E:6	96	4
E:6	2:	2
E:6	@	5
E:6	{	4
E:6	}	2
E:6	&	1
E:6	?	1
E:6	a:	2
E:6	E:	4
E:6	e:	5
E:6	i:	5
E:6	o:	2
E:6	u:	5
E:6	y:	1
E:6	a~	5
E:6	aI	2
E:6	aU	3
E:6	dZ	2
E:6	OY	2
E:6	tS	4
E:6	ts	4
E:6	a6	5
E:6	E6	2
E:6	i6	2
E:6	I6	3
E:6	U6	1
E:6	u6	1
E:6	o6	1
E:6	Y6	1
E:6	y6	3
E:6	@6	2
E:6	a:6	1
E:6	E:6	2
E:6	e:6	2
E:6	i:6	2
E:6	o:6	4
E:6	u:6	1
E:6	y:6	3
E:6	2:6	3
e:6	A	3
e:6	C	1
e:6	I	5
e:6	E	2
e:6	M	5
e:6	N	5
e:6	O	2
e:6	Q	5
e:6	S	3
e:6	T	3
e:6	U	3
e:6	V	1
e:6	Y	4
e:6	Z	1
e:6	a	2
e:6	b	5
e:6	d	4
e:6	i	3
e:6	e	4
e:6	f	5
e:6	g	5
e:6	h	4
e:6	j	1
e:6	k	1
e:6	l	4
e:6	m	2
e:6	n	1
e:6	o	1
e:6	p	4
e:6	r	2
e:6	s	2
e:6	t	4
e:6	u	2
e:6	v	1
e:6	x	2
e:6	y	2
e:6	z	2
e:6	1	5
e:6	2	3
e:6	3	4
e:6	6	5
e:6	7	5
e:6	8	2
e:6	9	3
e:6	O6	2
e:6	66	4
e:6	96	4
e:6	2:	2
e:6	@	3
e:6	{	3
e:6	}	1
e:6	&	1
e:6	?	1
e:6	a:	3
e:6	E:	4
e:6	e:	2
e:6	i:	3
e:6	o:	2
e:6	u:	1
e:6	y:	4
e:6	a~	5
e:6	aI	1
e:6	aU	4
e:6	dZ	4
e:6	OY	2
e:6	tS	5
e:6	ts	2
e:6	a6	1
e:6	E6	1
e:6	i6	3
e:6	I6	2
e:6	U6	2
e:6	u6	5
e:6	o6	2
e:6	Y6	3
e:6	y6	4
e:6	@6	3
e:6	a:6	1
e:6	E:6	2
e:6	e:6	1
e:6	i:6	3
e:6	o:6	2
e:6	u:6	1
e:6	y:6	4
e:6	2:6	4
i:6	A	1
i:6	C	2
i:6	I	2
i:6	E	3
i:6	M	3
i:6	N	4
i:6	O	2
i:6	Q	3
i:6	S	2
i:6	T	2
i:6	U	3
i:6	V	1
i:6	Y	4
i:6	Z	4
i:6	a	3
i:6	b	3
i:6	d	4
i:6	i	3
i:6	e	3
i:6	f	2
i:6	g	1
i:6	h	5
i:6	j	4
i:6	k	3
i:6	l	5
i:6	m	3
i:6	n	2
i:6	o	1
i:6	p	4
i:6	r	3
i:6	s	4
i:6	t	5
i:6	u	1
i:6	v	1
i:6	x	3
i:6	y	5
i:6	z	4
i:6	1	4
i:6	2	3
i:6	3	2
i:6	6	1
i:6	7	4
i:6	8	2
i:6	9	4
i:6	O6	1
i:6	66	3
i:6	96	1
i:6	2:	4
i:6	@	3
i:6	{	5
i:6	}	5
i:6	&	5
i:6	?	5
i:6	a:	3
i:6	E:	5
i:6	e:	4
i:6	i:	4
i:6	o:	5
i:6	u:	2
i:6	y:	2
i:6	a~	3
i:6	aI	1
i:6	aU	5
i:6	dZ	4
i:6	OY	1
i:6	tS	5
i:6	ts	4
i:6	a6	3
i:6	E6	3
i:6	i6	5
i:6	I6	2
i:6	U6	3
i:6	u6	2
i:6	o6	4
i:6	Y6	3
i:6	y6	5
i:6	@6	5
i:6	a:6	2
i:6	E:6	1
i:6	e:6	3
i:6	i:6	3
i:6	o:6	3
i:6	u:6	3
i:6	y:6	1
i:6	2:6	4
o:6	A	3
o:6	C	5
o:6	I	3
o:6	E	2
o:6	M	2
o:6	N	5
o:6	O	3
o:6	Q	4
o:6	S	5
o:6	T	5
o:6	U	3
o:6	V	4
o:6	Y	4
o:6	Z	3
o:6	a	1
o:6	b	4
o:6	d	4
o:6	i	3
o:6	e	1
o:6	f	2
o:6	g	5
o:6	h	5
o:6	j	1
o:6	k	4
o:6	l	2
o:6	m	2
o:6	n	3
o:6	o	2
o:6	p	5
o:6	r	3
o:6	s	3
o:6	t	4
o:6	u	1
o:6	v	4
o:6	x	3
o:6	y	4
o:6	z	2
o:6	1	3
o:6	2	2
o:6	3	2
o:6	6	5
o:6	7	2
o:6	8	3
o:6	9	2
o:6	O6	1
o:6	66	5
o:6	96	4
o:6	2:	4
o:6	@	3
o:6	{	3
o:6	}	2
o:6	&	4
o:6	?	4
o:6	a:	5
o:6	E:	3
o:6	e:	1
o:6	i:	5
o:6	o:	3
o:6	u:	3
o:6	y:	1
o:6	a~	5
o:6	aI	3
o:6	aU	4
o:6	dZ	3
o:6	OY	5
o:6	tS	3
o:6	ts	4
o:6	a6	3
o:6	E6	4
o:6	i6	3
o:6	I6	4
o:6	U6	3
o:6	u6	5
o:6	o6	4
o:6	Y6	5
o:6	y6	1
o:6	@6	3
o:6	a:6	4
o:6	E:6	3
o:6	e:6	1
o:6	i:6	1
o:6	o:6	1
o:6	u:6	4
o:6	y:6	5
o:6	2:6	5
u:6	A	3
u:6	C	5
u:6	I	2
u:6	E	1
u:6	M	3
u:6	N	4
u:6	O	3
u:6	Q	4
u:6	S	3
u:6	T	1
u:6	U	1
u:6	V	4
u:6	Y	5
u:6	Z	1
u:6	a	3
u:6	b	1
u:6	d	3
u:6	i	1
u:6	e	5
u:6	f	1
u:6	g	2
u:6	h	4
u:6	j	3
u:6	k	2
u:6	l	3
u:6	m	5
u:6	n	4
u:6	o	5
u:6	p	5
u:6	r	5
u:6	s	1
u:6	t	4
u:6	u	1
u:6	v	3
u:6	x	3
u:6	y	5
u:6	z	2
u:6	1	5
u:6	2	2
u:6	3	4
u:6	6	3
u:6	7	2
u:6	8	2
u:6	9	2
u:6	O6	1
u:6	66	5
u:6	96	4
u:6	2:	3
u:6	@	1
u:6	{	5
u:6	}	3
u:6	&	1
u:6	?	1
u:6	a:	3
u:6	E:	3
u:6	e:	1
u:6	i:	1
u:6	o:	2
u:6	u:	4
u:6	y:	5
u:6	a~	3
u:6	aI	5
u:6	aU	5
u:6	dZ	5
u:6	OY	5
u:6	tS	3
u:6	ts	5
u:6	a6	2
u:6	E6	5
u:6	i6	5
u:6	I6	3
u:6	U6	5
u:6	u6	3
u:6	o6	1
u:6	Y6	4
u:6	y6	3
u:6	@6	3
u:6	a:6	2
u:6	E:6	4
u:6	e:6	5
u:6	i:6	4
u:6	o:6	2
u:6	u:6	1
u:6	y:6	3
u:6	2:6	3
y:6	A	5
y:6	C	3
y:6	I	5
y:6	E	5
y:6	M	3
y:6	N	3
y:6	O	2
y:6	Q	3
y:6	S	2
y:6	T	5
y:6	U	5
y:6	V	1
y:6	Y	2
y:6	Z	3
y:6	a	5
y:6	b	2
y:6	d	3
y:6	i	2
y:6	e	1
y:6	f	1
y:6	g	5
y:6	h	2
y:6	j	3
y:6	k	1
y:6	l	4
y:6	m	2
y:6	n	3
y:6	o	2
y:6	p	2
y:6	r	1
y:6	s	1
y:6	t	3
y:6	u	4
y:6	v	3
y:6	x	1
y:6	y	5
y:6	z	5
y:6	1	2
y:6	2	2
y:6	3	4
y:6	6	2
y:6	7	5
y:6	8	1
y:6	9	1
y:6	O6	3
y:6	66	4
y:6	96	3
y:6	2:	4
y:6	@	5
y:6	{	3
y:6	}	4
y:6	&	3
y:6	?	1
y:6	a:	4
y:6	E:	3
y:6	e:	5
y:6	i:	2
y:6	o:	1
y:6	u:	3
y:6	y:	2
y:6	a~	2
y:6	aI	2
y:6	aU	5
y:6	dZ	4
y:6	OY	2
y:6	tS	5
y:6	ts	5
y:6	a6	3
y:6	E6	1
y:6	i6	1
y:6	I6	2
y:6	U6	2
y:6	u6	3
y:6	o6	3
y:6	Y6	1
y:6	y6	4
y:6	@6	5
y:6	a:6	3
y:6	E:6	5
y:6	e:6	2
y:6	i:6	1
y:6	o:6	2
y:6	u:6	2
y:6	y:6	5
y:6	2:6	2
2:6	A	4
2:6	C	4
2:6	I	2
2:6	E	3
2:6	M	5
2:6	N	5
2:6	O	3
2:6	Q	5
2:6	S	4
2:6	T	1
2:6	U	4
2:6	V	5
2:6	Y	2
2:6	Z	5
2:6	a	2
2:6	b	3
2:6	d	3
2:6	i	1
2:6	e	1
2:6	f	5
2:6	g	4
2:6	h	5
2:6	j	4
2:6	k	3
2:6	l	2
2:6	m	3
2:6	n	2
2:6	o	3
2:6	p	5
2:6	r	5
2:6	s	3
2:6	t	2
2:6	u	5
2:6	v	2
2:6	x	4
2:6	y	5
2:6	z	3
2:6	1	2
2:6	2	3
2:6	3	3
2:6	6	5
2:6	7	2
2:6	8	2
2:6	9	4
2:6	O6	2
2:6	66	2
2:6	96	1
2:6	2:	5
2:6	@	2
2:6	{	3
2:6	}	5
2:6	&	4
2:6	?	3
2:6	a:	5
2:6	E:	3
2:6	e:	3
2:6	i:	4
2:6	o:	5
2:6	u:	5
2:6	y:	4
2:6	a~	4
2:6	aI	3
2:6	aU	4
2:6	dZ	4
2:6	OY	3
2:6	tS	2
2:6	ts	4
2:6	a6	4
2:6	E6	5
2:6	i6	5
2:6	I6	1
2:6	U6	5
2:6	u6	4
2:6	o6	5
2:6	Y6	1
2:6	y6	1
2:6	@6	2
2:6	a:6	1
2:6	E:6	4
2:6	e:6	4
2:6	i:6	4
2:6	o:6	4
2:6	u:6	2
2:6	y:6	4
2:6	2:6	1
